sid,unique_id,name,full_name,scheme_type,state,fund_type,investment_size,stage,startup_category,startup_industry,functioning_status,application_open,reservation,about,description,who_can_apply,eligibility_criteria,application_process,scheme_guidelines,registration_guidelines,website,relevant_links,incubators_list,thrust_areas,contact_details,email,phone_no,logo,image,instagram_url,youtube_link,creation_date,modified_date,creator,slug
1.0,1744192833788x237825990474442900,BIRAC - BIG,BIRAC BIOTECHNOLOGY IGNITION GRANT (BIG),Central Government,,Grant,"₹50,00,000",Idea stage to POC,Biotechnology,,Active,"1st January, 1st July",Youth,"The Biotechnology Ignition Grant (BIG) scheme, initiated by BIRAC, supports early-stage biotech entrepreneurs and innovators in transforming their ideas into proof-of-concept (PoC) projects. It offers financial assistance to bridge the gap between ideation and commercialization.","The BIG scheme is designed to: 
1. Support high-risk, innovative biotech ideas with significant commercial potential. 
2. Enable the establishment and validation of PoC for early-stage innovations. 
3. Encourage researchers to translate their research into viable products or technologies. 
4. Foster entrepreneurship among scientists and researchers by providing necessary funding and support. 

The scheme targets innovations across various biotech domains, including healthcare, agriculture, diagnostics, and industrial biotechnology.","1. Individuals: Indian citizens with innovative ideas in biotechnology. 
2. Start-ups: Early-stage companies registered in India, focusing on biotech innovations. 
3. Researchers and Academicians: Individuals from academic institutions or research organizations with promising biotech concepts. 

Applicants should not have received similar support previously and must be willing to incubate at a recognized bio-incubator if not already associated with one.","1. For Individuals: 
i. Must be an Indian citizen. 
ii. Should have a formal association with a recognized bio-incubator. 
iii. Should not have received similar support from other government schemes. 

2. For Start-ups: 
i. Must be a registered company in India with a focus on biotechnology. 
ii. Should be less than 5 years old at the time of application. 
iii. Annual turnover should not exceed ₹1 crore. 
iv. Should not have received BIG grant earlier. 

Detailed eligibility criteria can be found in the BIG Scheme Guidelines.","The call for proposal is announced twice a year, i.e. on 1st January and 1st July. Call for proposals typically remains open for about 45 days. The BIG Scheme is currently managed through 8 BIG Partners across the country who works with the Ignition grantees (BIG Innovators) to provide mentoring, monitoring, networking and other business development related activities.",https://www.birac.nic.in/webcontent/BIG_Guidelines_Version_8_Jul_2020.pdf,https://www.birac.nic.in/webcontent/1547451412_big_registration_guidelines_14_01_2019.pdf,https://www.birac.nic.in/big.php,,,,"Address: 
5th Floor, NSIC Business Park, NSIC Bhawan, Okhla Industrial Estate, New Delhi - 110020, India  
Email: birac.dbt@nic.in  
Phone: +91-11-29878000  
Fax: +91-11-29878111  
Website: www.birac.nic.in",birac.dbt@nic.in,1124389600,https://d287f3ceccc71f65c5997d1c29e7ef00.cdn.bubble.io/f1744191859603x289964978535089540/Birac.jpg,,,,"Apr 9, 2025 3:30 pm","Nov 8, 2025 11:59 am",(App admin),
2.0,1744194806600x720882571439284100,BIRAC - SITARE-GYTI,BIRAC Students Innovations for Advancement of Research Explorations (SITARE) - Gandhian Young Technological Innovation (GYTI),Central Government,,Grant,"₹15,00,000",Idea stage to POC,Biotechnology,,Active,August/September,Youth,"Students Innovations for Translation & Advancement of Research Explorations (SITARE) Scheme is aimed at supporting innovative student projects in the area of biotechnology. The scheme’s mandate is to promote and encourage young students for embracing translational research to develop innovative products and technologies addressing unmet needs. SITARE-GYTI Award Grant is not a usual research fellowship. The scheme also provides an opportunity for orientation, training and mentoring through residential workshops etc.","The SITARE program by BIRAC aims to foster innovation among students in biotechnology. It comprises two main components:
1. SITARE-GYTI Award Grant: Annually, 15 postgraduate or doctoral students receive up to ₹15 lakhs each to develop biotech innovations with commercial potential.
2. SITARE-Appreciation Grant: Undergraduate students participate in Biotech Innovation Ignition School (BIIS) workshops, where 10 selected participants are awarded up to ₹1 lakh each to pursue their innovative ideas.

The program includes mentorship, hands-on training, and exposure to bioincubation centers to support the entrepreneurial journey of young innovators.",,"An Indian Student pursuing Ph.D/Masters* in any discipline is eligible to apply for this award grant. The student should have a valid ID issued by the Institution/University. A No objection Certificate (NoC), as per prescribed format needs to be submitted along with application.

*Exceptions for exceptional talent: Meritorious candidature outside the above eligibility criteria may be considered for SITARE with approval of BIRAC’s competent authority.","Proposals shall be submitted online only during an active Call for Proposals

Frequency of Call: Once a year

Month of announcement: August/September

Call Duration: The call is typically open for 45-60 days",,,https://www.birac.nic.in/desc_new.php?id=581,,,,"Society for Research and Initiatives for Sustainable Technologies and Institutions (SRISTI), Ahmedabad is the current SITARE Partner.

Contact details of SRISTI:
SRISTI, AES Boys Hostel Campus, Near Gujarat University Library & SBI Bank, Navrangpura, Ahmedabad-380 009, Gujarat, India.

Email: info@sristi.org 
Phone. 079-27913293, 27912792",,,https://d287f3ceccc71f65c5997d1c29e7ef00.cdn.bubble.io/f1744194351443x630633088254662000/Birac.jpg,,,,"Apr 9, 2025 4:03 pm","Nov 8, 2025 12:00 pm",(App admin),
3.0,1744195175426x423316504203932860,SITARE-Appreciation Grant,BIRAC Students Innovations for Advancement of Research Explorations (SITARE),Central Government,,Grant,"₹1,00,000",Residency,Biotechnology,,Active,"February, June and December.",Youth,"Residential workshops called as Biotech Innovation Ignition School (BIIS) for undergraduate students are organized to provide hands-on-technical training and mentorship for problem identification in 3-4 weeks duration. Out of 30-40 students per workshop, 10 students are selected and provided a grant support of up to INR 1 lakh each to encourage their inquisitiveness and sustained efforts. The recipients are recognized as BIRAC’s SITARE-Appreciation beneficiaries.","Biotech Innovation Ignition School (BIIS) Mandate:
1. Provide exposure and orientation for entrepreneurial journey through hands-on training and expert sessions.
2. Promote grassroot innovations with societal impact, especially from Tier II/III cities.

Benefits:
1. Up to 4 weeks residential training for up to 40 students.
2. Financial support of INR 1 lakh for selected students (SITARE-Appreciation recipients).
3. Follow-on training and mentoring.

SITARE-Appreciation Award Grant:
1. Outstanding students receive INR 1 lakh each for further research.
2. Grantees conduct research at home institution or SITARE Partner's lab.
3. SITARE Partner provides mentoring and support.",,"1. Students pursuing Bachelors programme in any discipline, preferably from Tier II/Tier III cities and aspirational districts within India. The student should have a valid ID issued by the Institution/University.
2. A student can avail only one opportunity for BIIS workshop training across all SITARE Partners, except for the SITARE-Appreciation Award Grantees who will be eligible to avail access to subsequent workshops by other Partners on recommendation by SITARE Partner/BIRAC.","In a year, 3 such workshops are conducted.

Tentative months for conduct of BIIS Workshops: February, June and December.",https://birac.nic.in/webcontent/1658838527_EYUVA_Guideline_Version_1.1.pdf,https://birac.nic.in/birac_registration_page.php,https://www.birac.nic.in/desc_new.php?id=581,,https://www.birac.nic.in/webcontent/1685352100_E_yuva_Centres_Contact_Detail.pdf,,"Society for Research and Initiatives for Sustainable Technologies and Institutions (SRISTI), Ahmedabad is the current SITARE Partner.

Contact details of SRISTI:
SRISTI, AES Boys Hostel Campus, Near Gujarat University Library & SBI Bank, Navrangpura, Ahmedabad-380 009, Gujarat, India.

Email: info@sristi.org 
Phone. 079-27913293, 27912792",,,https://d287f3ceccc71f65c5997d1c29e7ef00.cdn.bubble.io/f1744194960249x535843879148057700/Birac.jpg,,,,"Apr 9, 2025 4:09 pm","Nov 8, 2025 12:01 pm",(App admin),
4.0,1744196957348x402385822323769700,BIRAC - E YUVA,BIRAC EMPOWERING YOUTH FOR UNDERTAKING VALUE ADDED INNOVATIVE TRANSLATIONAL RESEARCH (EYUVA),Central Government,,Grant,Not specified,Research & Innovation,Biotechnology,,Active,,Youth,"BIRAC Innovation Fellowship proposals can be submitted in any domain including Healthcare, Lifesciences, Diagnostics, Medical Devices, Drugs, Vaccines, Drug Formulations and delivery systems, Industrial Biotechnology, Bioinformatics, Agriculture, Secondary agriculture, Waste Management, Sanitation, Clean Energy and Artificial Intelligence/IoT/ Automation with application in any of these areas.","E-YUVA Scheme Objectives:
1. Fosters applied research and entrepreneurial innovation among young students and researchers.
2. Encourages need-oriented innovation for societal or industry impact.

Support Provided:
1. Funding support through fellowships and research grants.
2. Mentorship in technical and business aspects.
3. Access to bioincubation facilities and entrepreneurial culture.

Target Audience:
1. Undergraduate students.
2. Postgraduate students.
3. Post-doctoral researchers.",,"1. BIRAC’s Innovation Fellows (for post graduates and above)
2. BIRAC’s E-YUVA Fellows (for under graduate students)",Fellows will be selected through National level application and shortlisting process in collaboration with EYCs and EYC knowledge partners.,https://birac.nic.in/webcontent/1658838527_EYUVA_Guideline_Version_1.1.pdf,https://birac.nic.in/birac_registration_page.php,https://www.birac.nic.in/e_yuva.php,,https://www.birac.nic.in/webcontent/1685352100_E_yuva_Centres_Contact_Detail.pdf,,"Address: 
5th Floor, NSIC Business Park, NSIC Bhawan, Okhla Industrial Estate, New Delhi - 110020, India  
Email: birac.dbt@nic.in  
Phone: +91-11-29878000  
Fax: +91-11-29878111  
Website: www.birac.nic.in",birac.dbt@nic.in,,https://d287f3ceccc71f65c5997d1c29e7ef00.cdn.bubble.io/f1744196717758x118204250385298460/Birac.jpg,,,,"Apr 9, 2025 4:39 pm","Nov 8, 2025 11:52 am",(App admin),
5.0,1744197571823x109940100918246350,BIRAC - BIPP,BIRAC BIOTECHNOLOGY INDUSTRY PARTNERSHIP PROGRAMME (BIPP),Central Government,,Grant,Not specified,Research & Innovation,Biotechnology,,Active,April & September,,"BIPP is a government partnership with Industries for support on a cost sharing basis for path-breaking research in frontier futuristic technology areas having major economic potential and making the Indian industry globally competitive. It is focused on IP creation with ownership retained by Indian industry and wherever relevant, by collaborating scientists.","BIPP supports the development of appropriate technologies in the context of recognized national priorities. 
Proposals are invited under 7 broad themes: 
a) Drugs including drug Delivery 
b) Vaccines and clinical trials 
c) Biosimilars & stem cells 
d) Devices & Diagnostics 
e) Agriculture 
f) Industrial Biotechnology including Secondary Agriculture 
g) Bioinformatics & facilities that virtually cover every aspect of Biotechnology. 

BIPP is an Advanced Technology Scheme only for high risk, transformational technology/ process development. It is for high risk futuristic technologies and mainly for viability gap funding. The uniqueness of this scheme is that it is for ""Break through research"" which enables product and process development and is patentable, with IP ownership rights resting with industry.",,"For Company/LLP:
* Minimum 51% of the shares of the Company should be held by Indian Citizens holding Indian passport [Indian Citizens do not include Person of Indian Origin (PIO) and Overseas Citizenship of India (OCI) holders]
** Minimum half of the persons who subscribed their names to the LLP document as its Partners should be Indian citizens.

The Applicant Company/ LLP should:
Have adequate in-house facility to address the project implementation(which shall be evaluated during the site visit) or
Incubated at any of the recognized Incubation Facility","There are two call for proposals launched in a year:
a. 1st April – 15th May
b. 1st September – 15th October

Besides two regular calls, BIRAC  may also announce need-based additional calls whose terms and conditions would be worked out separately and described in their respective RFPs.",https://www.birac.nic.in/webcontent/1729751884_BIPP_scheme_guidelines_revised.pdf,,https://www.birac.nic.in/desc_new.php?id=216,,,,"Address: 
5th Floor, NSIC Business Park, NSIC Bhawan, Okhla Industrial Estate, New Delhi - 110020, India  
Email: birac.dbt@nic.in  
Phone: +91-11-29878000  
Fax: +91-11-29878111  
Website: www.birac.nic.in",birac.dbt@nic.in,1124389600,https://d287f3ceccc71f65c5997d1c29e7ef00.cdn.bubble.io/f1744197076849x570418448180439940/Birac.jpg,,,,"Apr 9, 2025 4:49 pm","Apr 28, 2025 5:09 pm",(App admin),
6.0,1744197895979x241876021898403740,BIRAC - SBIRI,BIRAC SMALL BUSINESS INNOVATION RESEARCH INITIATIVE (SBIRI) FUND,Central Government,,Grant,Not specified,Research & Innovation,Biotechnology,,Active,April & September,,"Small Business Innovation Research Initiative (SBIRI) enhances Public-Private Partnerships in biotechnology. It supports early-stage, high-risk research in small and medium enterprises, fostering innovation and market-ready product and process development.","The Small Business Innovation Research Initiative (SBIRI) is a scheme that:
Objectives
1. Accelerates biotech product development and commercialization.
2. Fosters innovation in the Indian biotech sector.

Key Features
1. Brings together private industry, public institutions, and government.
2. Supports research and development of biotech products.
3. Facilitates market entry and commercialization of innovative technologies.","1. The proposals can be submitted Solely by a Company incorporated under the Companies Act, 2013 or
2. Limited Liability Partnership (LLP) incorporated under the Limited Liability Partnership Act, 2008 or
3. Joint Ventures either in the form of Company/ LLP by any of the above entities jointly with other private or public partner(s) (Universities or Institutes).","1. Minimum 51% of the shares of the Company should be held by Indian Citizens holding Indian passport (Indian Citizens do not include Person of Indian Origin (PIO) and Overseas Citizenship of India (OCI) holders)
2. Minimum half of the persons who subscribed their names to the LLP document as its Partners should be Indian citizens.
3. Participating companies should have adequate in-house facility to address the project implementation aspects (which shall be evaluated during the site visit)  OR  Incubated with any of the recognized Incubation Facility.","There are two call for proposals in a year.
a. 1st April– 15th May
b. 1st September – 15th October

Besides two regular calls, BIRAC may also announce need-based additional calls whose terms and conditions would be worked out separately and described in their respective RFPs.",https://www.birac.nic.in/webcontent/1711973384_Revised_Scheme_Document_sibri.pdf,,https://www.birac.nic.in/desc_new.php?id=217,https://www.birac.nic.in/webcontent/1729753741_Funding_guidelines_SBIRI_oct24.pdf,,,"Address: 
5th Floor, NSIC Business Park, NSIC Bhawan, Okhla Industrial Estate, New Delhi - 110020, India  
Email: birac.dbt@nic.in  
Phone: +91-11-29878000  
Fax: +91-11-29878111  
Website: www.birac.nic.in",birac.dbt@nic.in,1124389600,https://d287f3ceccc71f65c5997d1c29e7ef00.cdn.bubble.io/f1744197660636x968657270047683700/Birac.jpg,,,,"Apr 9, 2025 4:54 pm","Apr 28, 2025 4:59 pm",(App admin),
7.0,1744198606773x270290634488555400,BIRAC - SEED FUND,BIRAC SUSTAINABLE ENTREPRENEURSHIP AND ENTERPRISE DEVELOPMENT FUND (SEED FUND),Central Government,,Equity,"₹30,00,000",Post Poc,Biotechnology,,Active,,,The SEED Fund is an equity-based funding initiative by BIRAC aimed at supporting post-Proof-of-Concept (PoC) biotech startups. It provides up to ₹30 lakhs to help startups navigate the initial commercialization phase and become investment-ready.,"The SEED Fund is designed to bridge the critical funding gap, often referred to as the ""Valley of Death,"" that startups face after developing a PoC but before attracting angel or venture capital investments. By offering early-stage equity support, the fund enables startups to: 
1. Advance their product development and validation processes. 
2. Establish market readiness and scalability. 
3. Attract subsequent rounds of funding from investors. 

The scheme is implemented through selected BioNEST incubators, which act as SEED Fund partners. Each partner incubator receives a grant-in-aid of ₹200 lakhs per cycle to invest in eligible startups.",,"1. Incubator should have been supported through BIRAC’s BioNEST programme.
2. Incubator should be Operational for last three years.
3. Incubator should have in-house capacity in incubating & mentoring early stage Biotech / Life Sciences Startups.
4. Incubator should have established IP&TT facilitation services for startups.
5. Incubator must have prior experience in management of early-stage funding schemes or other grants.","To apply for the SEED Fund, startups should follow these steps: 
1. Identify a Partner Incubator: Review the list of BIRAC SEED Fund Partner BioNEST Incubators and select one that aligns with your startup's focus area.  
2. Engage with the Incubator: Reach out to the chosen incubator to understand their specific application requirements and processes. 
3. Prepare Application Materials: Develop a comprehensive proposal detailing your startup's innovation, business model, and funding needs. 
4. Submit Proposal: Submit your application through the incubator's prescribed channels, adhering to their guidelines and deadlines. 
5. Evaluation and Selection: The incubator, in collaboration with BIRAC, will evaluate the proposal based on predefined criteria and select startups for funding.",,,https://www.birac.nic.in/seedFundNew.php,,,,"Address: 
5th Floor, NSIC Business Park, NSIC Bhawan, Okhla Industrial Estate, New Delhi - 110020, India  
Email: birac.dbt@nic.in  
Phone: +91-11-29878000  
Fax: +91-11-29878111  
Website: www.birac.nic.in",birac.dbt@nic.in,1124389600,https://d287f3ceccc71f65c5997d1c29e7ef00.cdn.bubble.io/f1744198414019x745304301853960100/Birac.jpg,,,,"Apr 9, 2025 5:06 pm","Apr 28, 2025 5:06 pm",(App admin),
8.0,1744199598284x937339224822932200,BIRAC - LEAP,BIRAC LAUNCHING ENTREPRENEURS FOR AFFORDABLE PRODUCTS (LEAP) FUND,Central Government,,Equity,"₹1,00,00,000",Post Poc,Biotechnology,,Active,,,"The LEAP Fund, initiated by BIRAC, provides equity-based funding of up to ₹1 crore to Indian biotech startups. It aims to assist these startups in piloting and commercializing their innovative products and technologies, thereby making them more attractive to venture capital and angel investors.","The LEAP Fund addresses the critical ""Valley of Death"" phase that biotech startups often encounter post-Proof-of-Concept (PoC). By offering early-stage equity support, the fund enables startups to: 
1. Advance their product development and validation processes. 
2. Establish market readiness and scalability. 
3. Attract subsequent rounds of funding from investors. 

The scheme is implemented through selected BioNEST incubators, which act as LEAP Fund partners. Each partner incubator receives a grant-in-aid of ₹500 lakhs per cycle to invest in eligible startups.",,"1. Incubator should be BIRAC’s SEED fund partner.
2. Incubator Should be Operational for last 5 years.
3. Incubator should have in-house capacity in incubating & mentoring early stage Biotech / Life Sciences Startups.
4. Incubator should have established IP&TT facilitation services for startups.
5. Incubator must have prior experience of 4 years in management of early stage funding schemes or other grants.","To apply for the LEAP Fund, follow these steps: 
1. Choose a BIRAC LEAP Fund Partner BioNEST Incubator that aligns with your startup's focus area. 
2. Engage with the incubator to understand their application process. 
3. Prepare a comprehensive proposal outlining your startup's innovation, business model, and funding needs. 
4. Submit the proposal through the incubator's channels, meeting their guidelines and deadlines. 
5. The incubator and BIRAC will evaluate and select startups for funding.",,,https://www.birac.nic.in/leapFundNew.php,,,,"Address: 
5th Floor, NSIC Business Park, NSIC Bhawan, Okhla Industrial Estate, New Delhi - 110020, India  
Email: birac.dbt@nic.in  
Phone: +91-11-29878000  
Fax: +91-11-29878111  
Website: www.birac.nic.in",birac.dbt@nic.in,1124389600,https://d287f3ceccc71f65c5997d1c29e7ef00.cdn.bubble.io/f1744199424762x110293922885277730/Birac.jpg,,,,"Apr 9, 2025 5:23 pm","Apr 28, 2025 5:13 pm",(App admin),
9.0,1744199953232x453974582480685100,BIRAC - SPARSH FELLOWSHIP,BIRAC SPARSH CENTRE FOR SOCIAL INNOVATION,Central Government,,Not specified,Not specified,Idea stage to POC,Biotechnology,,Not active,,Youth,"The SPARSH initiative by BIRAC fosters social innovation in biotechnology, aiming to develop ""Social Innovators"" who address community needs through innovative biotech solutions. It offers immersive experiences, funding through mini grants, and monthly fellowships, empowering these innovators to create impactful prototypes and transform the socio-economic landscape.","1. Purpose of SPARSH: A social innovation initiative by BIRAC aimed at addressing critical societal issues through biotechnological interventions.
2. Core Objective: Nurture accomplished ""Social Innovators"" in the biotech domain.
3. Role of Social Innovators: Identify community needs and gaps to develop innovative products or services.
4. Program Approach: Comprehensive, including immersive experiences in clinical and rural settings.
5. Funding Support: Provides mini kick-start grants to aid innovators.
6. Prototype Development: Empowers innovators to create tangible, impactful prototypes.
7. Financial Commitment: Offers monthly fellowships to support social innovators.
8. Long-Term Goal: Foster a new generation of biotech-driven social entrepreneurs to transform the socio-economic landscape.",,,"The application process for the SPARSH Social Innovation Fellowship (as per BIRAC's official announcement) is as follows: 
1. Online Registration: Applicants must register on the BIRAC portal. 
2. Application Submission: Complete and submit the application form online, selecting your preferred SPARSH Centre (e.g., KIIT-TBI). 
3. Proposal Evaluation: Submitted applications will undergo a review process by BIRAC and associated SPARSH Centres. 
4. Selection and Onboarding: Shortlisted candidates will be notified and onboarded as SPARSH Fellows.",,,https://www.birac.nic.in/desc_new.php?id=618,,,,"Address: 
5th Floor, NSIC Business Park, NSIC Bhawan, Okhla Industrial Estate, New Delhi - 110020, India  
Email: birac.dbt@nic.in  
Phone: +91-11-29878000  
Fax: +91-11-29878111  
Website: www.birac.nic.in",birac.dbt@nic.in,,https://d287f3ceccc71f65c5997d1c29e7ef00.cdn.bubble.io/f1744199784139x991286527426815600/Birac.jpg,,,,"Apr 9, 2025 5:29 pm","Nov 8, 2025 11:57 am",(App admin),
10.0,1744201107716x354863520065221250,BIRAC - SOCIAL ALPHA,BIRAC SOCIAL ALPHA QUEST FOR ASSISTIVE TECHNOLOGIES,Central Government,,Not specified,"₹20,00,000",Idea stage to POC,Biotechnology,,Not active,,,"Social Alpha offers diverse avenues for individuals and organizations to engage with its mission of fostering science and technology innovations that address critical social, economic, and environmental challenges. Opportunities include incubation support, CSR partnerships, investments, volunteering, mentoring, and more.","Social Alpha is a multistage innovation curation and venture development platform that supports science and technology start-ups addressing pressing societal issues. Through its ""Get Involved"" initiatives, Social Alpha invites: 
1. Start-ups: To apply for incubation and investment support by submitting details through a designated form. 
2. Corporates: To enhance the impact of their CSR initiatives by partnering with Social Alpha's Impact Multiplier program. 
3. Investors: To invest in the Social Alpha Fund as Limited Partners, co-invest at the seed stage through the Social Alpha Investor Network, or engage in philanthropy advisory for grant-making to curated non-profits. 
4. Professionals: To volunteer their expertise, mentor mission-driven entrepreneurs, or assist in networking and fundraising efforts. 

These collaborative efforts aim to build a robust ecosystem that accelerates the journey of innovations from the lab to the market, ensuring sustainable and scalable impact.",,,,,,https://www.socialalpha.org/get-involved/,,,,"Address: 
5th Floor, NSIC Business Park, NSIC Bhawan, Okhla Industrial Estate, New Delhi - 110020, India  
Email: birac.dbt@nic.in  
Phone: +91-11-29878000  
Fax: +91-11-29878111  
Website: www.birac.nic.in",assistivetech@socialalpha.org,,https://d287f3ceccc71f65c5997d1c29e7ef00.cdn.bubble.io/f1744200960136x698309593255781000/Birac.jpg,,,,"Apr 9, 2025 5:48 pm","Apr 29, 2025 12:22 pm",(App admin),
11.0,1744298713843x749285424489463200,MEITY - SAMRIDH,"STARTUP ACCELERATOR OF MEITY FOR PRODUCT INNOVATION, DEVELOPMENT AND GROWTH (SAMRIDH)",Central Government,,Equity,"Upto ₹40,00,000",Growth Stage,Electronics and Information Technology,,Active,,Unreserved,"The SAMRIDH scheme aims to foster IT-based startups by providing them with Accelerator Services and initial funding of up to ₹40 lakh per startup, aiming for a total of 300 startups across about 40 cohorts. The program involves a six-month accelerator program annually, enhancing startups' access to customer, investor, and international networks.","1. Purpose of SAMRIDH Scheme: Support existing and emerging Accelerators to nurture IT-based startups addressing significant challenges in India with positive social impact.
2. Accelerator Services: Provides comprehensive support to foster startup growth.
3. Funding Support: Offers up to ₹40 lakh per startup, with an average of ₹30 lakh in initial funding.
4. Application Process: Annually invites Accelerators to partner with MeitY for six-month accelerator programs.
5. Cohort Structure: Each program supports 8-10 startups per cohort, totaling approximately 40 cohorts.
6. Startup Reach: Aims to support around 300 tech startups.
7. Growth Facilitation: Connects startups to customers, investors, and international markets to enable scale and expansion.",Startups that can apply to the SAMRIDH scheme are IT-based and product-focused startups that aim to address significant challenges in India and generate positive social impact.These startups should be prepared to engage with accelerators for comprehensive support and development over the six-month program period.,,"1. Accelerator Selection: MeitY Startup Hub (MSH) invites Expressions of Interest (EoI) from existing and upcoming accelerators. Eligible accelerators are selected based on criteria such as experience, infrastructure, and capabilities. 
2. Startup Enrollment: Selected accelerators conduct cohort-based programs, typically lasting six months. Startups interested in participating should apply directly to these accelerators. 
3. Evaluation and Selection: Accelerators evaluate the applications and select startups based on their potential for growth, innovation, and alignment with the program's objectives. 
4. Funding and Support: Chosen startups receive funding support of up to ₹40 lakh, with an average of ₹30 lakh per startup per cohort. This includes matching contributions from the accelerator or investors.  
5. Program Implementation: Startups undergo acceleration programs that provide services like customer and investor connect, capacity enhancement, and product development support.",,,https://msh.meity.gov.in/schemes/samridh,,https://msh.meity.gov.in/samridh/acceleratorlist,,"Contact: +91-11-24301244  
Email: meity-sthub@gov.in  
Office Address: 
MeitY Startup Hub, Room No. 2214,
Ministry of Electronics and Information Technology, 
Electronics Niketan, 6 CGO Complex, Lodhi Road, New Delhi - 110003, India",meity-sthub@gov.in,,https://d287f3ceccc71f65c5997d1c29e7ef00.cdn.bubble.io/f1744298461227x256189788943985700/MEITY%20-%20SAMRIDH%2C%20SASACT%2CTIDE%2CGENESIS%2CDLI.png,,,,"Apr 10, 2025 8:55 pm","May 3, 2025 6:35 pm",(App admin),
12.0,1744299399476x278796544424407170,MEITY - TIDE,TECHNOLOGY INCUBATION AND DEVELOPMENT OF ENTREPRENEURS (TIDE) SCHEME,Central Government,,Loan,"Upto ₹25,00,000",Growth Stage,Electronics and Information Technology,,Active,,Unreserved,"TIDE aims to promote tech entrepreneurship by supporting ICT startups in emerging technologies like IoT, AI, Blockchain, and Robotics. It will support 51 incubators and about 2000 tech startups.","1. Objective of TIDE 2.0: Strengthen technology incubation centers in educational institutions with comprehensive support.
2. Support Provided: Includes policy guidance, financial backing, and entrepreneurial training.
3. Investor Linkages: Facilitates connections with Angel Investors and Venture Capitalists for mentoring and financial support.
4. Startup Development: Supports startups to evolve and achieve commercial success over 2-3 years.
5. Faculty Involvement: Engages academic faculty to align education with industry needs, enhancing teaching and research quality.
6. Collaboration via MSH: Leverages MeitY Startup Hub to foster collaboration among incubators and innovation hubs.
7. Focus on Societal Challenges: Promotes advanced technology solutions to address societal issues.
8. Ecosystem Goal: Enhances local development of Electronics and IT products, building a sustainable ecosystem for cutting-edge tech startups.","Individual entrepreneurs or startups that are working with technologies such as IoT, AI, Blockchain, and Robotics, particularly those addressing societal challenges in the specified areas of relevance.",,"1. Identify a TIDE 2.0 Centre: Startups should begin by selecting a suitable TIDE 2.0 incubation center from the list of 51 centers across India.  
2. Engage with the Centre: Reach out to the chosen incubation center to understand their specific application requirements, thematic focus areas, and support services. 
3. Submit Application: Applications can be submitted through various channels such as online platforms, hackathons, challenge grants, startup events, or year-round screening programs facilitated by the TIDE centers.",,,https://msh.meity.gov.in/schemes/tide,,https://msh.meity.gov.in/tide/incubatorslist,,"Contact: +91-11-24301244  
Email: meity-sthub@gov.in  
Office Address: 
MeitY Startup Hub, Room No. 2214,
Ministry of Electronics and Information Technology, 
Electronics Niketan, 6 CGO Complex,
Lodhi Road, New Delhi - 110003, India",meity-sthub@gov.in,,https://d287f3ceccc71f65c5997d1c29e7ef00.cdn.bubble.io/f1744299257535x286064350684849920/MEITY%20-%20SAMRIDH%2C%20SASACT%2CTIDE%2CGENESIS%2CDLI.png,,,,"Apr 10, 2025 9:06 pm","May 3, 2025 6:36 pm",(App admin),
13.0,1744299599668x918890713751501800,MEITY - GENESIS,GEN-NEXT SUPPORT FOR INNOVATIVE STARTUPS (GENESIS),Central Government,,"Grant , Equity","Upto ₹40,00,000",Idea stage to POC,Electronics and Information Technology,,Active,,Unreserved,"The GENESIS Scheme under MeitY aims to consolidate and enhance startup-centric initiatives, focusing on funding for Tier-II and Tier-III startups in Pilot/Investment and deep-tech sectors. It also promotes community-building through workshops and aligns with major national tech initiatives like India AI and India Stack.","1. Purpose of GENESIS: Strengthen India’s startup ecosystem, focusing on lesser-developed Tier-II and Tier-III cities, under MeitY Startup Hub (MSH).
2. Implementing Agencies: Engages approximately 50 agencies to facilitate the initiative.
3. Funding Opportunities: Provides diverse funding, including pilot funding averaging Rs. 40 Lakhs per startup.
4. Deep-Tech Support: Offers up to Rs. 1 Cr for deep-tech ventures without requiring matching funds.
5. Private Sector Matching: Matches private sector funding on a 1:1 basis for selected investment phases.
6. Selection Process: Startups and implementation partners chosen by experts for structured resource allocation.
7. Development Focus: Supports startups across various stages to ensure efficient growth and development.",,"1. A beneficiary of MeitY Schemes or Registered with MSH.
2. A DPIIT registered startup.
3. Shareholding by Indian promoters in the startup should be at least 51% at the time of application to the incubator for the scheme, as per the Companies Act, 2013.
4. Have Full-Time CEO and have market-ready products and are seeking funds for business development and commercialization (in certain categories)","1. Identify an Implementing Agency (IA): Startups should begin by selecting a suitable Implementing Agency from the list of approximately 50 IAs, preferably located in Tier-II and Tier-III cities.  
2. Engage with the IA: Reach out to the chosen IA to understand their specific application requirements, thematic focus areas, and support services. 
3. Submit Application: Applications can be submitted through various channels such as online platforms, hackathons, challenge grants, startup events, or year-round screening programs facilitated by the IAs. 
4. Evaluation and Selection: The IA, in collaboration with MeitY Startup Hub (MSH), will evaluate the proposals based on predefined criteria and select startups for support. 
5. Support and Funding: Selected startups may receive support in the form of: 
i. Ideation Support (EiR): Financial support for idea to proof-of-concept development. 
ii. Pilot (PoC) Support: Funding for prototype development. 
iii. Investment Support: Support for product development and market outreach. 
iv. Deep-tech Startup Support: Funding support with an upper ceiling of ₹1 crore per startup without any matching fund requirement.",https://msh.meity.gov.in/assets/Brochure_GENESIS.pdf,,https://msh.meity.gov.in/schemes/genesis,,https://msh.meity.gov.in/genesis/incubatorslist,,"Contact: +91-11-24301244  
Email: meity-sthub@gov.in  
Office Address: 
MeitY Startup Hub, Room No. 2214, 
Ministry of Electronics and Information Technology, 
Electronics Niketan, 6 CGO Complex, Lodhi Road, New Delhi - 110003, India",meity-sthub@gov.in,,https://d287f3ceccc71f65c5997d1c29e7ef00.cdn.bubble.io/f1744299431306x113423118947655340/MEITY%20-%20SAMRIDH%2C%20SASACT%2CTIDE%2CGENESIS%2CDLI.png,,,,"Apr 10, 2025 9:09 pm","May 3, 2025 6:37 pm",(App admin),
14.0,1744300553357x148090322673162240,MEITY - SASACT,SCHEME FOR ACCELERATING STARTUPS AROUND POST COVID TECHNOLOGY OPPORTUNITIES (SASACT),Central Government,,Not specified,Not specified,Not specified,Electronics and Information Technology,,Not specified,,Unreserved,"SASACT aims to support tech startups focused on electronics hardware and ICT to develop or adapt technologies post-COVID-19. Key areas include Smart Manufacturing, Digital Health, Edutech, Fintech, and WFH solutions. The scheme targets innovations that facilitate remote operations, digital health, and secure IT infrastructures.","1. Objective of SASACT: Support startups innovating in electronics hardware and ICT to address post-COVID-19 challenges and opportunities.
2. Focus Areas: 
i. Smart/digital manufacturing
ii. Healthcare technology
iii. Educational technology
iv. Financial technology
v. Work-from-home solutions
3. IT Infrastructure: Enhances secure and effective remote access systems.
4. Contactless Interfaces: Promotes development of touch-free technologies.
5. AI Utilization: Leverages AI for monitoring and surveillance applications.
6. Digital Health Services: Supports development of digital healthcare solutions.
7. Financial Inclusion: Promotes financial technology for remote regions of India.
8. Cyber Security: Strengthens cyber security measures for startups.
9. Autonomous Technologies: Encourages deployment of autonomous systems for safer, efficient operations.",,,"Apply through Incubators : 
1. Start up Incubation and Innovation Centre SIIC, IIT Kanpur;
2. Society for Innovation & Entrepreneurship (SINE), IIT Bombay;
3. Coimbatore Innovation and Business Incubator (Forge Accelerator) Coimbatore
4. KIIT Technology Business Incubator, KIIT University, Bhubaneswar",https://msh.meity.gov.in/assets/SASACT_Startup_One_pager.pdf,,https://msh.meity.gov.in/schemes/sasact,,,,"Office Address: 
MeitY Startup Hub, Room No. 2214, 
Ministry of Electronics and Information Technology, 
Electronics Niketan, 6 CGO Complex, 
Lodhi Road, New Delhi - 110003, India

Contact: +91-11-24301244  
Email: meity-sthub@gov.in",meity-sthub@gov.in,,https://d287f3ceccc71f65c5997d1c29e7ef00.cdn.bubble.io/f1744300380015x285102840704587460/MEITY%20-%20SAMRIDH%2C%20SASACT%2CTIDE%2CGENESIS%2CDLI.png,,,,"Apr 10, 2025 9:25 pm","May 3, 2025 6:39 pm",(App admin),
15.0,1744300748213x263917021623986780,MEITY - C2S,CHIPS TO STARTUP (C2S) PROGRAMME,Central Government,,Not specified,Not Specified,Not specified,Electronics and Information Technology,,Not specified,,Youth,"The CHIPS TO STARTUP (C2S) Programme by MEITY focuses on developing expertise in VLSI/Embedded system design, benefiting startups, academia, and R&D organizations. It provides financial support and comprehensive training to enhance the electronics value chain and foster innovation in chip design.","1. Objective of C2S Programme: Advance capabilities in Very Large Scale Integration (VLSI) and Embedded System Design to foster innovation in electronics and chip design.
2. Target Participants: Engages startups, incubators, accelerators, academic institutions, and R&D organizations involved in electronics and chip design.
3. Financial Support: Provides significant funding, including Rs. 76,000 crore for semiconductor and display manufacturing, to support startups, MSMEs, and academic institutions.
4. Skill Development: Offers detailed training sessions to equip participants with essential skills in VLSI and Embedded System Design.
5. Manpower Training Goal: Aims to train 85,000 specialized engineers over five years at approximately 100 academic and R&D institutions, including IITs, NITs, and private colleges.
6. Output Targets: Targets development of 175 Application-Specific Integrated Circuits (ASICs), 20 System on Chips (SoCs) prototypes, and an IP Core repository within five years.
7. Program Categories: Invites proposals in three categories based on expertise and Technology Readiness Level (TRL):
i. Design and development of Systems/SoCs/ASICs/Reusable IP Cores
ii. Development of application-oriented working prototypes
iii. Proof of concept-oriented R&D for ASICs/FPGAs
8. Industry-Academia Collaboration: Promotes collaborative projects through Academia-Industry partnerships, Grand Challenges, Hackathons, and RFPs to strengthen industry ties and innovation.
9. Infrastructure Support: Provides access to Electronic Design Automation (EDA) tools and fabrication support in Multi-Project Wafer (MPW) mode, without separate funding for new facilities.
10. Nodal Agency: Managed by the Centre for Development of Advanced Computing (C-DAC) under the Ministry of Electronics and Information Technology (MeitY).
11. Eligibility and Proposal Submission: Institutions must meet specific criteria (e.g., existing VLSI labs, AICTE recognition) and submit proposals online via the C2S portal, evaluated by an expert committee.
12. Societal Impact: Focuses on developing solutions for areas like healthcare, agriculture, energy, disaster management, and intelligent transport systems.
13. Intellectual Property and Entrepreneurship: Encourages IP protection and fosters entrepreneurship by incubating startups, with MoUs defining IP sharing among collaborators.
14. Recent Developments: As of 2022, MeitY invited applications from 100 academia, R&D organizations, startups, and MSMEs, with a submission deadline of January 31, 2022, for the first call.",,"1. Eligible entities: Academic institutions, R&D organizations, startups, and MSMEs. 
2. Institutions must offer relevant B.Tech, M.Tech, or Ph.D. programs. 
3. Collaboration with end-user organizations is preferred for some categories. 
4. Special focus on North East India, SC/ST/minority, and women-led institutions. 
5. Proposals invited in three categories: design/development, prototypes, and proof-of-concept R&D.","1. Eligible entities submit project proposals under relevant categories. 
2. Proposals must include a Memorandum of Understanding (MoU) outlining roles and responsibilities. 
3. Proposals are evaluated by MeitY's Program Coordination and Implementation Committee (PCI). 
4. Selected projects receive approval and funding through a Nodal Institution. 
5. The Nodal Institution oversees project implementation, monitoring, and reporting to MeitY.",https://c2s.gov.in/guidelines.jsp,,https://c2s.gov.in/about_c2s.jsp,,,,"Contact 1:
Smt. Hemlata Gupta  
Scientist 'D', MeitY  
Electronics Niketan, CGO Complex, Lodhi Road, New Delhi - 110003, India  
Email: support.c2s@meity.gov.in


Contact 2:
Shri Vivian Desalphine, Scientist-F, C-DAC Bengaluru  
Shri Venkata Reddy Kolagatla, Scientist-D, C-DAC Bengaluru  
Knowledge Park, #1, Old Madras Road, Byappanahalli, Bengaluru - 560038, India  
Email: support.c2s@cdac.in",support.c2s@meity.gov.in,,https://d287f3ceccc71f65c5997d1c29e7ef00.cdn.bubble.io/f1744300589732x830188036388835000/MEITY%20-%20C2S.png,,,,"Apr 10, 2025 9:29 pm","Nov 8, 2025 12:19 pm",(App admin),
16.0,1744302073983x785220121426759800,MEITY - DLI,DESIGN LINKED INCENTIVE (DLI),Central Government,,Not specified,Not specified,Not specified,Electronics and Information Technology,,Not specified,,Unreserved,"The DESIGN LINKED INCENTIVE (DLI) Scheme, established by MeitY, aims to bolster the semiconductor design industry in India. It provides financial incentives and design infrastructure support to enhance innovation and competitiveness. The scheme benefits a diverse set of stakeholders including startups, incubators, accelerators, and established businesses.","1. Objective of DLI Scheme: Address challenges in India’s domestic semiconductor design sector to strengthen its ecosystem.
2. Support Provided: Offers financial incentives and design infrastructure support.
3. Focus Areas: Promotes development of advanced semiconductor designs, including:
i. Integrated Circuits (ICs)
ii. Chipsets
iii. System on Chips (SoCs)
iv. Systems & IP Cores
4. Impact on Capacity: Enhances India’s capacity for high-value semiconductor design.
5. Innovation and Competitiveness: Drives technological innovation and boosts industry competitiveness.
6. Target Scope: Covers a broad spectrum of the semiconductor design field.
7. Growth Encouragement: Promotes growth and innovation across various semiconductor design segments.
8. Value Chain Advancement: Helps stakeholders move up the value chain.
9. Global Market Impact: Aims to make a significant impact in the global semiconductor market.",,"Eligibility and Requirements 
1. Eligible entities: Domestic companies, startups, and MSMEs in semiconductor design. 
2. Domestic ownership: More than 50% owned by Indian citizens or companies controlled by Indian citizens. 
3. Retention of domestic status: For at least 3 years after claiming incentives. 

Additional Criteria 
1. Threshold criteria: Meeting specified net sales thresholds for DLI eligibility. 
2. Target segments: Supporting designs for ICs, chipsets, SoCs, systems, IP cores, and semiconductor-linked designs.",,,,https://chips-dli.gov.in/DLI/Proposals,,,,"Contact Person 1:
Mr. Nishit Gupta  
Scientist 'E', MeitY  
Address: 
Electronics Niketan, CGO Complex, Lodhi Road, New Delhi - 110003, India  
Email: support.chips-dli@cdac.in  
Phone: +91-11-24301249 | +91-9560924355


Contact Person 2:
Mr. Abhishek Tiwari  
Joint Director, C-DAC, Noida  
Address: 
C-56/1, Sector-62, Noida - 201307, Uttar Pradesh, India  
Email: support.chips-dli@cdac.in, pmudli@cdac.in  
Phone: +91-120-2210890 | +91-8920175458",semicon-india@meity.gov.in,9560924355,https://d287f3ceccc71f65c5997d1c29e7ef00.cdn.bubble.io/f1744301980799x875437098844491500/MEITY%20-%20SAMRIDH%2C%20SASACT%2CTIDE%2CGENESIS%2CDLI.png,,,https://www.youtube.com/watch?v=51NhjRx1dWI&ab_channel=DigitalIndia&ref=ynos.in,"Apr 10, 2025 9:51 pm","May 3, 2025 6:42 pm",(App admin),
17.0,1744341734484x951810909450329700,NIDHI - EIR,NIDHI - ENTREPRENEUR-IN-RESIDENCE (NIDHI-EIR),Central Government,,Effective Interest Rate,"₹30,000",Idea Stage,Science and Technology,,Active,"The NIDHI-EIR program typically opens applications twice a year: 
i. Call 1: Opens on 1st July and closes on 15th July. 
ii. Call 2: Opens on 1st January and closes on 15th January.",Youth,"The NIDHI-EIR Programme offers subsistence grants to aspiring entrepreneurs at DST-approved Technology Business Incubators (TBIs) to develop technology business ideas. The program provides financial support up to ₹30,000 per month for a year, along with office space, administrative support, and mentorship.","1. Objective: Support innovative entrepreneurs with a subsistence grant to pursue technology business ideas without financial risks.
2. Target Group: Aimed at graduating students and budding entrepreneurs.
3. Financial Support: Provides up to ₹30,000 per month for 12 months to develop sustainable ventures.
4. Additional Resources: Offers office space, administrative support, and guidance in business planning from TBIs.
5. Grant Termination: Concludes when the recipient secures funding or investment with the first tranche of funds.
6. Impact: Enhances the entrepreneurial ecosystem by making entrepreneurship attractive and building a pipeline for incubators.",,"1. Citizenship: Applicant must be an Indian citizen with valid government-approved proof of nationality.  
2. Educational Qualification: Must have completed either: 
i. A minimum of 4 years of formal full-time undergraduate/postgraduate education in science or engineering, 
ii. Or a 3-year degree/diploma in science or engineering with 2 years of full-time work experience post-degree/diploma.  
3. Commitment: Should be a first-generation entrepreneur committed to pursuing a technology business idea full-time, without any concurrent academic programs, jobs, or fellowships.  
4. Business Idea: Must propose a single, scalable technology-based business idea in the prescribed format, demonstrating potential for significant impact.  
5. Company Ownership: Should not be a promoter or significant (>10%) shareholder/beneficiary of another company at the time of application and after receiving the grant approval.","1. Check eligibility: Ensure Indian citizenship, relevant education, and commitment to full-time entrepreneurship. 
2. Choose a PEP incubator: Select a DST-approved Technology Business Incubator (TBI) from the list of Program Execution Partners. 
3. Submit application: Apply through the NIDHI-EIR portal or the chosen incubator's application link. 
4. Evaluation: The TBI evaluates applications based on predefined criteria. 
5. Selection: Shortlisted candidates are informed and enrolled in the incubation program. 
6. Fellowship benefits: Mentorship and a monthly grant of up to ₹30,000 for 12 months.",,,https://www.nidhi-eir.in/program.php,,https://www.nidhi-eir.in/currentcalls.php,,"Ms. Shruti Devasthali  
Venture Center  

Address: 
100, NCL Innovation Park, Dr. Homi Bhabha Road, Pune - 411008, India  
Phone: +91-9156465104  
Email: nidhi-eir@venturecenter.co.in",nidhi-eir@venturecenter.co.in,9156465104,https://d287f3ceccc71f65c5997d1c29e7ef00.cdn.bubble.io/f1744341518515x662944293954821400/NIDHI%20-%20EIR%2CPRAYAS%2Cssp.jpg,,,,"Apr 11, 2025 8:52 am","Nov 8, 2025 12:28 pm",(App admin),
18.0,1744341935511x744924852050687900,NIDHI - PRAYAS,NIDHI - Promoting and Accelerating Young and Aspiring Innovators and Startups (PRAYAS),Central Government,,Grant,"Upto ₹10,00,000",Idea stage to POC,Science and Technology,,Active,"The NIDHI-PRAYAS program does not have fixed application dates; instead, each PRAYAS Centre (PC) announces its own periodic calls for applications.",Youth,The NIDHI-PRAYAS Program supports young innovators by providing prototype funding up to ₹10 lakhs to convert ideas into physical product prototypes with commercial potential. The program emphasizes ownership of any generated IP by the innovator or startup.,"1. Objective: Assist budding technology entrepreneurs in developing physical product prototypes for commercialization.
2. Target Sectors: Supports innovation in biotechnology, clean energy, artificial intelligence, robotics, and other technology fields.
3. Financial Support: Provides up to ₹10 lakhs per innovator or startup, with amounts finalized by the PRAYAS center’s Monitoring Committee.
4. Additional Resources: Offers mentorship, networking opportunities, and access to state-of-the-art facilities.
5. Intellectual Property: Ensures IP developed through the grant remains with the innovator or startup.
6. Impact: Nurtures and accelerates entrepreneurial journeys, fostering innovation and enterprise.",,"Eligibility Requirements 
1. Citizenship and Age: Indian citizen, 18 years or older. 
2. Startup Criteria: 
- Incorporated in India, not older than 7 years. 
- At least 51% equity held by Indian citizens. 
- Annual turnover not exceeding ₹25 lakhs. 

Project Requirements 
1. Project Stage: Proof-of-concept stage, focusing on developing a physical prototype. 
2. IP Ownership: Own or have rights to intellectual property; NOC required if employed or studying. 

Additional Conditions 
1. Prior Support: No previous support under NIDHI-PRAYAS or similar schemes for the same idea; no simultaneous support with NIDHI-EIR.","1. Identify a PRAYAS Centre (PC): Choose a suitable PRAYAS Centre from the list of authorized incubators. 
2. Monitor Call Announcements: Regularly check the websites of PRAYAS Centres for periodic calls for applications. 
3. Prepare Application: Complete the application form with details about your innovation, team, and project plan. 
4. Submit Application: Apply through the PRAYAS Centre's specified submission process, which may include online forms and supporting documents. 
5. Evaluation and Selection: The PRAYAS Centre's committee reviews applications, and selected innovators receive grant support for prototype development.",https://nidhi-prayas.org/letters/Eligibility%20_%20Broad%20Terms%20_v4_16-09-2020.pdf,,https://nidhi-prayas.org/#parentVerticalTab11,,https://nidhi-prayas.org/prayascenters.html,,"Ms. Shruti Devasthali  
Venture Center  

Address: 
100, NCL Innovation Park, Dr. Homi Bhabha Road, Pune - 411008, India  
Phone: +91-9156465104  
Email: nidhi-eir@venturecenter.co.in","nidhiprayas@sineiitb.org , nidhi-eir@venturecenter.co.in",2225767016,https://d287f3ceccc71f65c5997d1c29e7ef00.cdn.bubble.io/f1744341771840x862330254253476700/NIDHI%20-%20EIR%2CPRAYAS%2Cssp.jpg,,,,"Apr 11, 2025 8:55 am","Nov 8, 2025 12:29 pm",(App admin),
19.0,1744342254108x489744900715556300,NIDHI - SSP,NIDHI SEED SUPPORT PROGRAM (NIDHI-SSP),Central Government,,"Grant , Loan","Upto ₹1,00,00,000",Growth Stage,Science and Technology,,Active,,Youth,"The NIDHI Seed Support Program (NIDHI-SSP) provides financial assistance through Startup Incubators/Technology Business Incubators (TBIs) to promising startups. Entrepreneurs are encouraged to apply during periodic calls for applications, which are announced on the websites of participating incubators.","1. Objective: Bridge the gap between development and commercialization of innovative technologies for startups.
2. Financial Support: Provides up to INR 100 lakh to qualifying startups for scaling operations and market presence.
3. Role of Incubators: Facilitates financial aid through established incubators to support early-stage business development.
4. Sustainability Impact: Enhances the sustainability and success of both startups and incubators.
5. Application Process: Startups should check affiliated Startup Incubators/TBIs’ websites for application details and deadlines.
6. Benefit: Increases chances of securing essential seed funding and support through proactive engagement.",,,"For Incubators/Technology Business Incubators (TBIs): 
i. Applications for financial support are invited once a year through an online portal. 
ii. A call for applications is announced at the appropriate time.  

For Startups/Innovators: 
i. Apply to one of the listed Startup Incubators/TBIs participating in the NIDHI-SSP. 
ii. These incubators announce periodic calls for applications; applicants should regularly check their websites for updates.",https://nidhi.dst.gov.in/document/nidhi-seed-support-program-nidhi-ssp-guidelines/,,https://nidhi.dst.gov.in/nidhissp/,,https://cdnbbsr.s3waas.gov.in/s312b1e42dc0746f22cf361267de07073f/uploads/2024/03/20240320476699542.pdf,,"Ms. Shruti Devasthali  
Venture Center  

Address: 
100, NCL Innovation Park, Dr. Homi Bhabha Road, Pune - 411008, India  
Phone: +91-9156465104  
Email: nidhi-eir@venturecenter.co.in",nidhi-eir@venturecenter.co.in,,https://d287f3ceccc71f65c5997d1c29e7ef00.cdn.bubble.io/f1744342006998x673629367442740700/NIDHI%20-%20EIR%2CPRAYAS%2Cssp.jpg,,,,"Apr 11, 2025 9:00 am","Nov 8, 2025 12:30 pm",(App admin),
20.0,1744342968705x889624931954309900,TDB,TECHNOLOGY DEVELOPMENT BOARD,Central Government,,Loan,"Upto ₹10,00,00,000",Scale up Stage,Science and Technology,,Active,Throughout the year,Unreserved,"The Technology Development Board (TDB) under the Department of Science & Technology provides financial assistance to Indian entities for developing and commercializing both indigenous and adapted imported technologies. It supports startups, industrial concerns, and R&D institutions with funding options like soft loans, equity, and grants in exceptional cases, aiming to boost India’s technological prowess and global competitiveness.","1. Objective: Foster innovation and technology development across Indian industries by financing new technology projects.
2. Financial Support: Provides up to 50% of project cost as a soft loan, 25% as equity, and grants in special cases.
3. Approval Process: Tiered funding approval:
i. Chairperson approves up to Rs. 2.50 crore.
ii. Sub-committee handles Rs. 2.50 crore to Rs. 10.00 crore.
iii. Board approves proposals exceeding Rs. 10.00 crore.
4. Impact: Promotes competitive consumer products, product innovation, and job creation through industry-scientist-technocrat collaboration.
5. Strategic Focus: Strengthens core technological capabilities in sectors like energy, transport, and communications.
6. Global Competitiveness: Enables Indian industries to tackle competitive pressures and establish a strong global market presence.",,,"Application Process 
1. Eligibility Check: Ensure project involves indigenous technology development or adaptation for domestic application. 
2. Application Submission: Submit online application at tdb.gov.in using Loan Application Form-A. 

Evaluation Process 
1. Initial Screening: Review for completeness and alignment with TDB's objectives. 
2. Detailed Evaluation: In-depth assessment by Project Evaluation Committee (PEC), including site visits and presentations. 

Approval and Funding 
1. Sanctioning Authority: 
- Up to ₹2.5 crore: Chairperson, TDB 
- ₹2.5 crore to ₹10 crore: Sub-committee of the Board 
- Above ₹10 crore: Full Board",,,https://tdb.gov.in/approval-financial-assistance,,,,"Ms. Shruti Devasthali  
Venture Center  

Address: 
100, NCL Innovation Park, Dr. Homi Bhabha Road, Pune - 411008, India  
Phone: +91-9156465104  
Email: nidhi-eir@venturecenter.co.in",nidhi-eir@venturecenter.co.in,1126511184,https://d287f3ceccc71f65c5997d1c29e7ef00.cdn.bubble.io/f1744615957890x765054036979112100/TDB.png,,,,"Apr 11, 2025 9:12 am","May 3, 2025 6:44 pm",(App admin),
21.0,1744343480896x421733140994403400,SISFS,STARTUP INDIA SEED FUND SCHEME (SISFS),Central Government,,"Grant , Equity","Upto ₹70,00,000",Idea stage to POC,General,,Active,Throughout the year,Unreserved,"The Startup India Seed Fund Scheme (SISFS) offers a year-round 'Call for Applications' for incubators and startups, supporting a sector-agnostic and PAN-India startup program. It allows startups to apply to up to three incubators simultaneously, without mandatory physical incubation, providing financial support up to 20 lakh INR in grants and 50 lakh INR in convertible debentures.","1. Objective: Provide flexible, accessible financial aid to startups across diverse sectors in India.
2. Inclusive Approach: Open to startups from any industry to apply for funding.
3. Multiple Applications: Allows startups to apply to three different incubators simultaneously to increase funding chances.
4. Grant Funding: Offers up to 20 lakh INR for early-stage expenses like proof of concept and prototype development.
5. Convertible Debentures: Provides up to 50 lakh INR to support product trials and market entry.
6. Impact: Helps startups reach a stage to attract further investments or secure commercial loans, aiding their journey from concept to market.",,,"1. Eligibility Check: Ensure your startup is recognized by DPIIT and is incorporated within the last 2 years. 
2. Portal Registration: Create an account on the Startup India portal if you haven't already. 
3. Application Submission: Log in to the portal, navigate to the Seed Fund Scheme section, and submit your application. 
4. Incubator Selection: Choose up to three eligible incubators to process your application. 
5. Evaluation: Incubators will evaluate your application, and upon approval, the seed fund will be disbursed.",,,https://seedfund.startupindia.gov.in/about,,https://seedfund.startupindia.gov.in/portfolio,,,dipp-startups@nic.in,1800115565,https://d287f3ceccc71f65c5997d1c29e7ef00.cdn.bubble.io/f1744343333303x886735465038560400/DPIIT.jpg,,https://www.instagram.com/official.startupindia/?ref=ynos.in,https://www.youtube.com/@startupindiaofficial?ref=ynos.in,"Apr 11, 2025 9:21 am","May 3, 2025 6:45 pm",(App admin),
22.0,1744344159821x161423996196939940,NRDC,"SEED FUNDING FOR PROMOTING MANUFACTURING START-UPS, NATIONAL RESEARCH DEVELOPMENT CORPORATION (NRDC)",Central Government,,Convertible Debentures,"Upto ₹30,00,000",Growth Stage,Scientific and Industrial Research,,Active,,Unreserved,"The 'Seed funding for promotion of manufacturing start-ups' scheme, managed by NRDC under the Department of Scientific and Industrial Research, supports technology-driven entrepreneurs by taking up to a 26% equity stake and providing up to ₹30 lakh in funding. This initiative aims to foster innovation and broaden the technological entrepreneurial base in India.","1. Objective: Facilitate early-stage development of manufacturing startups with innovative, high-impact ideas in technology sectors.
2. Financial Support: Provides up to ₹30 lakh per startup to transition from ideation to commercialization.
3. Equity Stake: NRDC acquires up to 26% equity, contributing to governance and strategic direction.
4. Research Utilization: Promotes the use of research from various institutions to develop market-ready products and technologies.
5. Target Startups: Supports startups incubated in state or central government-funded incubators.
6. Impact: Cultivates a robust ecosystem for knowledge-based companies and technology-driven entrepreneurs, enhancing commercialization of innovative products.","a) Indian manufacturing Start-ups and early stage growth focused
innovative companies (mainly engaged in development and
commercialization of new products or new applications of existing
products or new technologies or processes) based in Incubators
in any State/Central Government supported institutions are eligible to seek seed funding from the NRDC.
b) The Company should be incorporated under the Companies Act.
c) The incubatee company must have been in existence for at least
six months with the incubator, prior to submitting a fund request for seed funding.
d) Company/Start-up should be registered with DIPP/DPIIT, Ministry
of Commerce and Industry, GoI.
e) More than 51% of the Shares are held by resident Indian individuals, who are promoters of the Startup.",,,https://www.nrdcindia.com/assets/vendor/filemanager/userfiles/Seed_Funding_2021/Guidelines_and_Agreement_Final_One_file.pdf,,https://nrdcindia.com/Pages/Seed%20Funding,,Any incubation centre (TBI/STEP/AIC),,"National Research Development Corporation   Address: 
20-22, Zamroodpur Community Centre, Kailash Colony Extn., New Delhi - 110048, India  

General Email: write2@nrdc.in  
EPABX: +91-11-29240401 to +91-11-29240407  
Fax: +91-11-29240409 / 29240410  

Office Timings: Monday to Friday (9:00 AM - 5:30 PM)","seed-funding@nrdc.in , write2@nrdc.in",1129240401,https://d287f3ceccc71f65c5997d1c29e7ef00.cdn.bubble.io/f1744343928967x513451514587870660/DSIR%20-%20NRDC%2CTDVC.jpg,,,,"Apr 11, 2025 9:32 am","May 3, 2025 6:47 pm",(App admin),
23.0,1744344465226x752823740226069600,TDVC,TECHNOLOGY DEVELOPMENT VALIDATION AND COMMERCIALIZATION (TDVC) PROGRAM,Central Government,,Convertible Debentures,"Upto ₹1,00,00,000",Growth Stage,Scientific and Industrial Research,,Not specified,,Unreserved,"The Technology Development, Validation, and Commercialization (TDVC) Project, led by Shruti Devasthali, aims to foster the development, validation, and early commercial exploitation of innovative technologies from public and private sectors. The program provides up to ₹1 crore in funding for each phase, supporting technologies from TRL 2 to 8, with an emphasis on startups, MSMEs, and incubatees.","1. Objective: Support the progression of new technologies towards commercial viability through a two-phase structure.
2. Phase 1 Support: Funds technology development up to pilot plant scale (TRL 6-8) with up to ₹1 crore per project.
3. Phase 2 Support: Provides up to ₹1 crore for commercialization, requiring equity shares to NRDC for successful Phase 1 projects.
4. Target Beneficiaries: Supports R&D in startups, MSMEs, and incubatees to achieve market readiness.
5. Impact: Enhances the entrepreneurial ecosystem and promotes commercial exploitation of cutting-edge technologies.
6. Information Access: Detailed guidelines available on the NRDC website.","1. Novel industrial chemicals
2. High precision engineering
3. High tech agriculture and aquaculture
4. High tech food and agro processing
5. Farm machinery and automation for small holdings
6. New materials / machines / medical devices
7. Industrial waste recycling and utilization
8. Environment protection
9. Renewable energy","i. Start-ups having Udyog Aadhar Registration and valid DPIIT Certificate of Recognition of
Start-ups
ii. MSMEs having valid MSME Certificate
iii. Incubatees incubated for at least six months in any Govt. sponsored incubators/technology parks","1. Online Registration: Visit the TDVC portal and register as a new user to access the application form. 
2. Complete Application Form: Log in using your credentials and fill out the application form, which is divided into four sections. You can save progress and complete it in multiple sessions.",https://www.nrdcindia.com/assets/vendor/filemanager/userfiles/Seed_Funding_2021/NRDC_TDVC_Guidelines_2021-22.pdf,,https://www.nrdcindia.com/Pages/TDVC%202021,,,,"National Research Development Corporation   Address: 
20-22, Zamroodpur Community Centre, Kailash Colony Extn., New Delhi - 110048, India  

General Email: write2@nrdc.in  
EPABX: +91-11-29240401 to +91-11-29240407  
Fax: +91-11-29240409 / 29240410  

Office Timings: Monday to Friday (9:00 AM - 5:30 PM)",write2@nrdc.in,,https://d287f3ceccc71f65c5997d1c29e7ef00.cdn.bubble.io/f1744344695705x225729224859622340/DSIR%20-%20NRDC%2CTDVC.jpg,,,,"Apr 11, 2025 9:37 am","May 3, 2025 6:49 pm",(App admin),
24.0,1744345006066x509167245821254400,IDEX SPARK,INNOVATIONS FOR DEFENCE EXCELLENCE (IDEX) SPARK GRANTS,Central Government,,Grant,"Upto ₹1,50,00,000",Idea stage to POC,DEFENCE,,Not specified,,Unreserved,"The IDEX Spark Grants, established by the Ministry of Defence, offer up to ₹1.5 crores in funding to stimulate innovation in the Defense and Aerospace sectors. This support is disbursed based on milestones and includes entry to accelerator programs for selected applicants, enhancing their technological and business development through expert mentorship.","1. Objective: Foster an innovation ecosystem for defense and aerospace industries in India through IDEX Spark Grants.
2. Financial Support: Provides up to ₹1.5 crores per project, structured as equity or other financial models, based on milestones set by a selection committee.
3. Accelerator Integration: Integrates startups into iDEX partner-run accelerator programs for mentorship in technology and business development.
4. Additional Resources: Offers access to defense testing facilities and guidance from industry experts.
5. Development Focus: Targets research, prototyping, pilot implementation, and market assessment to advance indigenized, innovative technologies.
6. Impact: Cultivates co-creation and co-innovation, enhancing startup and MSME contributions to India’s defense and aerospace sectors.","i. Startups, as defined and recognized by Department of Industrial Policy Promotion (DIPP), Ministry of Commerce and Industry, Government of India.
ii. Any Indian company incorporated under the Companies Act 1956/2013, primarily a Micro, Small and Medium Enterprises (MSME) as defined in the MSME Act, 2006.
iii. Individual innovators are also encouraged to apply (research & academic institutions can use this category to apply)",,"Visit the iDEX website to explore ongoing challenges such as the Defence India Startup Challenge (DISC), Open Challenges, and SPARK.",https://idex.gov.in/uploads/page/iDEX%20scheme%2004.06.2021_3%20(1).pdf,,https://idex.gov.in/,,,,"Office Address: 
Defence Innovation Organisation, 8th Floor, Konnectus Tower-II, Bhavabhuti Marg, DMRC Building, Ajmeri Gate, New Delhi - 110002, India  

Registered Office: 
Bharat Electronics Limited, Outer Ring Road, Nagavara, Bangalore - 560045, Karnataka, India  

Email: idexdio@ddpmod.gov.in",idexdio@ddpmod.gov.in,,https://d287f3ceccc71f65c5997d1c29e7ef00.cdn.bubble.io/f1744345062621x543883970420433660/IDEX%20SPARK%2C%20ADITI.jpg,,https://www.instagram.com/idex_dio/?ref=ynos.in,https://www.youtube.com/channel/UCaE5mORhv2R9FctxP9ZqQfA?ref=ynos.in,"Apr 11, 2025 9:46 am","May 3, 2025 6:53 pm",(App admin),
25.0,1744345361892x799912287643617200,IDEX ADITI,IDEX - Acing Development of Innovative Technologies (ADITI),Central Government,,Grant,"Upto ₹25,00,00,000",Idea stage to POC,DEFENCE,,Not specified,,Youth,"The ADITI scheme, part of India's strategic defense innovation initiative, offers grants up to 50% of the product development budget, with a cap of ₹25 crore, to develop critical and advanced technologies vital for national security. It aims to foster the indigenization of technologies, reduce reliance on foreign OEMs, and enhance the capabilities of the Indian defense sector through collaborative efforts involving startups, MSMEs, academia, and industry experts.","ADITI (Advanced Defence Innovative Technologies Initiative) is designed to accelerate the development of critical technologies that are strategically important for India’s defense. The scheme finances up to 50% of the product development budget, encouraging projects that require substantial investment, with product development budgets around or exceeding ₹50 crore. ADITI focuses on around 30 critical technologies lacking in the current Indian ecosystem but essential for national security and with potential export capabilities. The scheme incorporates a """"Technology Watch Tool"""" to align the innovation outputs with the needs of modern armed forces and supports ongoing monitoring of technological advancements.

ADITI's primary objectives include:
1. Facilitating the rapid development of innovative and sensitive defense technologies.
2. Promoting the indigenization of critical technologies to lessen dependence on foreign OEMs.
3. Enhancing products developed under the existing iDEX scheme through spiral development processes.
4. Building a Technology Watch Tool to bridge gaps between defense expectations and current capabilities.
5. Conducting technology foresight workshops to identify and refine relevant problem statements for future innovations.
6. Supporting the scale-up and integration of successfully piloted technologies into manufacturing processes.

These initiatives are crucial for building a self-reliant defense sector capable of meeting India's strategic needs and contributing to global defense markets.","a. Startups, as defined and recognized by Department for Promotion of Industry and Internal Trade (DPIIT), Ministry of Commerce and Industry, Government of India.
b. Any Indian company incorporated under the Companies Act 1956/2013, primarily a Micro, Small and Medium Enterprises (MSME) as defined in the MSME Act, 2006.
c. Individual innovators are also encouraged to apply (research &
academic institutions can use this category to apply). However, post-selection individual innovators need to register as Startup/MSME.",,"Visit the iDEX website to explore ongoing challenges such as the Defence India Startup Challenge (DISC), Open Challenges, and ADITI.",https://idex.gov.in/uploads/page/aditi_scheeme.pdf,,https://idex.gov.in/,,,,"Office Address: 
Defence Innovation Organisation, 8th Floor, Konnectus Tower-II, Bhavabhuti Marg, DMRC Building, Ajmeri Gate, New Delhi - 110002, India  

Registered Office: 
Bharat Electronics Limited, Outer Ring Road, Nagavara, Bangalore - 560045, Karnataka, India  

Email: idexdio@ddpmod.gov.in",idexdio@ddpmod.gov.in,,https://d287f3ceccc71f65c5997d1c29e7ef00.cdn.bubble.io/f1744345220918x614476585378880300/IDEX%20SPARK%2C%20ADITI.jpg,,,,"Apr 11, 2025 9:52 am","Nov 8, 2025 12:38 pm",(App admin),
26.0,1744345526147x409081082226473860,TDF,DRDO - TECHNOLOGY DEVELOPMENT FUND (TDF) SCHEME,Central Government,,"Grant , Loan","Upto ₹50,00,00,000",Idea stage to POC,DEFENCE,,Not specified,,Unreserved,"The Technology Development Fund (TDF), part of the Ministry of Defence and executed by DRDO under the 'Make in India' initiative, aims to promote self-reliance in defense technology. This scheme supports the development of indigenous technologies by providing grants-in-aid and fosters an ecosystem of innovation involving public/private industries, particularly MSMEs and startups, to meet the requirements of the Tri-Services, Defence Production, and DRDO.","1. Objective: Enhance India’s defense manufacturing capabilities through innovation and technology upgradation from TRL 3 onwards.
2. Mission: Promote self-reliance by developing advanced systems and improving existing defense products, processes, and applications.
3. Focus Areas: Develop futuristic technologies, innovative defense products, and achieve import substitution for components not produced in India.
4. Project Duration: Limited to four years to ensure timely technological advancements.
5. Impact: Drives the defense sector towards greater self-sufficiency.
6. Global Goal: Position India as a leading nation in indigenous defense technology development.",,,,https://www.drdo.gov.in/drdo/sites/default/files/inline-files/SOP_TDF24102024.pdf,,https://www.drdo.gov.in/drdo/headquarter-directorates/about-us/directorate-technology-development-fund-dtdf,,,,"Director  
Directorate of Technology Development Fund (DTDF)  
DRDO Bhawan, Rajaji Marg, New Delhi - 110011, India  

Tel: 011-23007794  
Email: director.tdf.hqr@gov.in","director.tdf.hqr@gov.in , dir.tdf-drdo@gov.in",1123007794,https://d287f3ceccc71f65c5997d1c29e7ef00.cdn.bubble.io/f1744345412906x898319685628310400/TDF.jpg,,,,"Apr 11, 2025 9:55 am","May 3, 2025 6:56 pm",(App admin),
27.0,1744348582444x178600862561511870,DARE TO DREAM,"DARE TO DREAM, DEFENCE RESEARCH & DEVELOPMENT ORGANIZATION (DRDO)",Central Government,,Grant,"Upto ₹12,00,000",Idea stage to POC,DEFENCE,,Not specified,,Youth,"The DARE TO DREAM, Technology Development Fund (TDF) by DRDO is designed to boost innovation in India's defense and aerospace sectors, encouraging individuals, startups, and innovators to develop solutions for emerging technologies. This initiative offers financial support, access to DRDO's resources, expertise, and mentorship, promoting significant advancements in areas like unmanned systems, cyber warfare, and space technology.","1. Objective: Propel India to the forefront of defense and aerospace technology through collaborative innovation under the TDF.
2. Management: Operated by the Defence Research and Development Organisation (DRDO) to nurture groundbreaking ideas.
3. Support Provided: Offers substantial financial backing for development and commercialization of innovative solutions.
4. Impact: Bridges the gap between theoretical research and practical implementation in defense and aerospace.
5. Focus Areas: Targets advancements in artificial intelligence, advanced materials, cyber warfare, unmanned systems, and space technology.
6. Strategic Goal: Strengthens India’s strategic capabilities and ensures global technological advancement and security.","1. Indian Individuals: Should be Citizen of India above 18 years of age.
2. Indian Start-ups : Start-ups controlled by Indians and recognized by DPIIT (formerly known as DIPP).
3. Indian Micro & Small Enterprises: MSEs controlled by Indians and registered with Ministry of MSME and having latest UDYAM registration certificate.",,"1. Applications to be submitted through online mode only.
2. Applications to be submitted either in Individual or Start-up/ MSE category.
3. Maximum of 04 members including one defined Team leader can participate under individual category.
4. An individual having Start-up or MSE may apply in the capacity of either Individual or as Start-up/MSE for one challenge area.
5. Select the challenges for which you want to make submissions
6. An individual, Start-up or MSE can apply for not more than three different challenge areas.
7. Provide a write-up for each challenge selected. You can also submit attachments (PDF format, less than 5 MB) with more details for the submission.",https://drdo.res.in/dare2dream5/portal/categories.jsp,,https://drdo.res.in/dare2dream5/portal/kalam.html,,,,Email- dare2dream.hqr@gov.in,,,https://d287f3ceccc71f65c5997d1c29e7ef00.cdn.bubble.io/f1744616163049x387674898970487700/TDF.jpg,,,,"Apr 11, 2025 10:46 am","Nov 8, 2025 12:39 pm",(App admin),
28.0,1744350034031x361811278173129700,DCIS,DIGITAL COMMUNICATION INNOVATION SQUARE (DCIS),Central Government,,Grant,"₹50,00,000 - ₹10,00,00,000",Idea stage to POC,Communication,,Active,,Youth,"The DIGITAL COMMUNICATION INNOVATION SQUARE (DCIS) initiative, launched by the Department of Telecommunications, aims to bolster India's prowess in digital communication technologies. This program is designed to support startups from ideation through to manufacturing, helping them position themselves at the forefront of the global telecommunications industry.","For startup founders in the digital communication sector, DCIS presents a transformative opportunity. This initiative offers a spectrum of support, from seed funding to expert guidance and strategic industry connections, enabling startups to navigate the early and growth stages effectively. 
Here’s how DCIS can benefit startups:
1. Financial Support: DCIS provides funding that helps startups manage the financial challenges associated with the development and scaling of new technologies.
2. Expert Mentorship: Access to a network of seasoned professionals and industry leaders through DCIS can offer startups strategic advice and operational insights, enhancing their product development strategies.
3. Market Alignment: The initiative encourages the creation of products tailored to both local and global market needs, enabling startups to fine-tune their offerings for broader appeal and functionality.
4. Collaborative Opportunities: Through events and workshops, startups gain the chance to collaborate with academia and other industry stakeholders, fostering innovation and potentially leading to groundbreaking developments.
5. Access to Resources: Startups can utilize advanced testing facilities and technical resources provided by DCIS, which support the development from initial concept to market-ready products.

DCIS is particularly valuable for startups looking to make significant impacts in sectors like defense, public safety, and health through advanced digital communication technologies. This program not only accelerates their growth but also integrates them into a larger ecosystem of technological advancement and commercial success.",,"1. Startups, as defined and recognized by Department for Promotion of Industry and Internal Trade (DPIIT), Ministry of Commerce and Industry, Government of India, working towards innovation, development or improvement of products or processes or services, or if it is a scalable business model with a high potential of employment generation or wealth creation.
2. Any Indian company incorporated under the Companies Act 1956/2013, primarily a Micro, Small and Medium Enterprises (MSME) as defined in the MSME Act, 2006 having over 51 % stakes by the Indian Citizen / NRI / OCI and Head Quarter in India.
3. Individual Innovators will also be encouraged to apply (research &
academic institutions can use this category to apply). However, release of fund shall be subjected to compliance of eligibility condition for either Startup or MSME before agreement signing.
4. More than one organization can jointly submit the application in partnership with consortium, registered societies & Academia
5. Collaboration with Academia / R&D Organization will be encouraged.
6. Every proposal must clearly identify a Project Lead (PL) who will take responsibility for the technical and managerial aspects of the project execution. If an application is selected for funding support, then its Project Leader will be required to sign the project Agreement on behalf of the applicant(s).","Applications are accepted exclusively through the DCIS portal. The submission process is entirely online, with no requirement for physical document submission.",https://dcis.dot.gov.in/assets/document/DCIS_Guidelines2.0.pdf,,https://dcis.dot.gov.in/,,,,"Address: 
C-Dot Campus Mandi Road, Mehrauli New Delhi-110030, India
Email: info@tcoe.in
Phone: 011-26598627",info@tcoe.in,1126598627,https://d287f3ceccc71f65c5997d1c29e7ef00.cdn.bubble.io/f1744349081987x911663145667831900/DCIS%2C%20DOT.png,,,,"Apr 11, 2025 11:10 am","Nov 8, 2025 12:40 pm",(App admin),
29.0,1744365577964x475792322389416700,DOT,DEPARTMENT OF TELECOMMUNICATIONS (DOT) 5G HACKATHON,Central Government,,Grant,"₹1,00,000",Hackathon,Communication,,Not specified,,Youth,"The Department of Telecommunications (DoT) has launched the '5G & Beyond Hackathon 2023' to promote innovation in 5G technologies. The hackathon aims to identify and develop workable 5G and beyond products and solutions through collaboration with government bodies, academic institutions, and industry stakeholders.","1. The '5G & Beyond Hackathon 2023' is a key initiative by the DoT to speed up India's adoption of advanced digital communication.
2. It encourages participation from students, startups, and established companies to present innovative ideas for enhancing India's 5G capabilities.
3. The hackathon aims to convert proof-of-concept technologies into practical 5G products and solutions for various economic sectors.
4. Winners will each receive a monetary prize of Rs. 1,00,000.
5. They will also get free exhibition space at IMC 2023 and support from DoT and MeitY to commercialize their products.
6. The event serves as a platform to cultivate future tech leaders in 5G and beyond, fostering India-specific applications and a culture of innovation in telecommunications.","1. The event is open to the following who may participate as individuals, teams, startups, etc. and may work individually or as a team on ideas/concepts/solutions and present use cases for the 5G & Beyond products/solutions.
2. Students, Startups owned and controlled by Resident Indian Citizens, academic institutions in India;
3. Employees of the Department of Telecommunications (DoT), India Mobile Congress (IMC), Digital Communication Square Scheme (DCIS) Beneficiaries or Startups connected with them as promoters/partners are not eligible;
4. Products/Solutions given by Startups which have already been selected in the earlier 5G hackathon shall not be eligible;
5. Products/Solutions shall be connected to 5G & Beyond. Ideas without a basic connection to these technologies shall not be eligible.",,Register and submit your application through the DCIS Hackathon portal.,,,https://dcis.dot.gov.in/hackathon,,,,"Address: 
C-Dot Campus Mandi Road, Mehrauli New Delhi-110030, India
Email: info@tcoe.in
Phone: 011-26598627","info@5ghackathon.in , info@tcoe.in",1126598627,https://d287f3ceccc71f65c5997d1c29e7ef00.cdn.bubble.io/f1744364650189x358967099646474900/DCIS%2C%20DOT.png,,,,"Apr 11, 2025 3:29 pm","Nov 8, 2025 12:40 pm",(App admin),
30.0,1744366355791x277218502935069800,IFCI FOR SC/ST AND BACKWARD CLASSES,INDUSTRIAL FINANCE CORPORATION OF INDIA(IFCI) FUND FOR SC/ST AND BACKWARD CLASSES,CGPS Undertaking,,Not specified,Not Specified,Not specified,Social Justice,,Not specified,,"SC/ST , Backward Class","The ""IFCI Venture Capital Fund for Scheduled Castes,"" set up by the Ministry of Social Justice and Empowerment, Government of India, aims to promote entrepreneurship among the Scheduled Castes community. It provides concessional finance to help these entrepreneurs start and grow businesses that create value and contribute to community development.","1. The IFCI Venture Capital Fund for Scheduled Castes is a significant initiative to increase economic engagement and entrepreneurship within India's Scheduled Castes community.
2. It provides concessional financial assistance to empower entrepreneurs from this community to transform innovative concepts into successful businesses, leading to wealth generation and social progress.
3. The fund aims to improve financial inclusion among Scheduled Caste entrepreneurs and stimulate job creation within the community.
4. Beneficiaries can access capital with favorable conditions, including lower interest rates and flexible repayment options, vital for early-stage business financial management.
5. The fund supports a wide array of sectors, including technology, agriculture, manufacturing, and services, allowing diverse business ideas to receive funding.
6. This focused support intends to promote further growth and development of Scheduled Castes communities nationwide, fostering a more inclusive and fair entrepreneurial environment.",,"1. Scheduled Caste Ownership: The company must have at least 51% shareholding by Scheduled Caste (SC) entrepreneurs with management control. 
2. Assistance up to ₹50 lakh: For funding up to ₹50 lakh, the company should have maintained the above SC ownership for the past 6 months. 
3. Assistance above ₹50 lakh: For funding above ₹50 lakh, the company should have maintained the above SC ownership for the past 12 months. 
4. Successor Entities: New companies that are successor entities of existing businesses (e.g., Proprietorship, Partnership, LLP) with at least 51% SC ownership and management control for the required duration are eligible. 
5. Innovative Projects: Technology-oriented innovative projects by first-time SC entrepreneurs, especially those supported by recognized incubation centers or possessing patents/copyrights with commercialization potential, are eligible.",,,,https://www.vcfsc.in/index.html,,,,"Address : 
16th Floor, IFCI Tower, 61, Nehru Place, New Delhi – 110019
Phone No:- 011 - 4173 2518/09/67/76/70/81/90/82/07, 011 - 26453359

Mail : funds@ifciventure.com","funds@ifciventure.com , asiim@ifciventure.com , business@ifciventure.com",1126453359,https://d287f3ceccc71f65c5997d1c29e7ef00.cdn.bubble.io/f1744632103157x586922378337141500/ifci.png,,,,"Apr 11, 2025 3:42 pm","May 5, 2025 10:53 am",(App admin),
31.0,1744368765708x590678984236405500,SAGE,SENIORCARE AGEING GROWTH ENGINE (SAGE),Central Government,,Grant,"Upto ₹1,00,00,000",Not specified,Social Justice,,Active,,Senior Citizen,"The Seniorcare Ageing Growth Engine (SAGE), an initiative by the Ministry of Social Justice and Empowerment, Government of India, aims to enhance the quality of life for the elderly by promoting and facilitating access to aged-care products and services. This scheme supports companies through equity participation up to Rs. 1 Crore, allowing them to reach a broader audience via a dedicated platform.","1. The SAGE initiative aims to meet the unique needs of India's elderly population by offering a carefully chosen range of aged-care products, solutions, and services.
2. Its main objective is to enhance the quality of life for senior citizens through a thorough evaluation, verification, and aggregation of suitable and effective options.
3. The Ministry of Social Justice and Empowerment facilitates the availability of these offerings and provides financial support to selected companies.
4. Each chosen company receives government equity participation of up to Rs. 1 Crore to enhance their ability to develop and deliver high-quality solutions.
5. These companies gain increased visibility through a dedicated platform created by the Ministry, expanding their reach to potential users nationwide.
6. This strategic support encourages innovation in aged-care services and ensures that advancements in the sector benefit a broad and diverse group of elderly individuals in need.",,"1. Innovative ideas awarded in the National level innovation challenges such as Smart India Hackathons (of M/o Education) or such other innovative drives – proposing to set up companies and offer products and services for the welfare of the elderly in India.
2. Start-ups already functioning in the elderly segment in India proposing to expand operations. All the startups fulfilling the startup norms as per guidelines by the Department for Promotion of Industry and Internal Trade (DPIIT), Ministry of Commerce, Govt. of India are eligible for applying.
3. Being incorporated or registered in India for less than ten years from its date of incorporation.
4. Annual turnover not exceeding Rs 25 crores in any of the preceding financial years.
5. Incorporated as a Company (Private / Public)
6. Aims to work towards innovation, development, deployment or commercialization of new products, Solutions, processes or services driven by technology or intellectual property in the realm of elder care.

It is not formed by splitting up or reconstructing a business already in existence.",,,,https://sage.dosje.gov.in/,,,,"Technical Support:
Phone: +91-11-23477587
Email: support.pmagy-msje@gov.in

Ms. Neha Roy
Email: sageevaluation@gmail.com","sageevalaution@gmail.com , support.pmagy-msje@gov.in",1123477587,https://d287f3ceccc71f65c5997d1c29e7ef00.cdn.bubble.io/f1744632274607x933349259810200800/SAGE.jpg,,,,"Apr 11, 2025 4:22 pm","May 5, 2025 10:57 am",(App admin),
32.0,1744369536960x745438627102748700,SUI LOANS FOR SC/ST AND WOMEN ENTREPRENEURS,STAND UP INDIA (SUI) SCHEME,Central Government,,Grant,"₹10,00,000 - ₹1,00,00,000",Not specified,Social Justice,,Active,,"SC/ST , Women","The Stand-Up India (SUI) scheme was initiated by the Hon'ble Prime Minister on April 05, 2016, to support SC/ST and/or women entrepreneurs by facilitating bank loans ranging from ₹10 lakh to ₹1 crore. This funding is aimed at helping them start greenfield enterprises across various sectors, including manufacturing, services, trading, and agri-allied activities.","1. The Stand-Up India (SUI) scheme seeks to foster economic inclusion by supporting SC/ST and/or women entrepreneurs in establishing their first businesses.
2. It offers essential financial assistance for setting up new (""greenfield"") enterprises, meaning projects independent of existing business structures.
3. The scheme encourages each eligible bank branch to provide loans to at least one SC/ST borrower and one woman borrower.
4. This directive aims to ensure broad outreach and maximize the scheme's impact across these communities.",,"1. Entrepreneurs must be from SC/ST categories and/or women.
2. Applicants must be above 18 years of age.
3. The scheme is exclusively for greenfield projects in sectors like manufacturing, services, trading, or agri-allied activities.
4. For group enterprises, at least 51% of the ownership and control must be held by SC/ST and/or women entrepreneurs.
5. The applicant should not have defaulted on any loans from banks or financial institutions.","Through LDM's:
https://www.standupmitra.in/LDMS",,,https://www.standupmitra.in/,,,,"Email: standupindia[at]sidbi[dot]in

National Helpline Toll-Free Number:
Phone: 022-67221526","help@standupmitra.in , support@standupmitra.in , standupindia@sidbi.in",2267221526,https://d287f3ceccc71f65c5997d1c29e7ef00.cdn.bubble.io/f1744632737507x112293701319283520/StandUp_India.gif,,,,"Apr 11, 2025 4:35 pm","May 5, 2025 11:01 am",(App admin),
33.0,1744370064954x210026555877681280,SUI SUBSIDY SCHEMES FOR SC/ST AND WOMEN ENTREPRENEURS,STAND UP INDIA (SUI) SCHEME,Central Government,,Not specified,Not Specified,Not specified,Social Justice,,Active,,"SC/ST , Women","Three government subsidy schemes are available to support SC/ST entrepreneurs and enhance sanitation efforts across India, providing financial incentives for entrepreneurial ventures, community sanitation projects, and machinery acquisition for MSEs.","1. Subsidised Term Loan Scheme: This initiative from the Ministry of Social Justice and Empowerment provides SC/ST entrepreneurs with subsidies up to ₹10,000 or 50% of the project cost, whichever is less, to help establish greenfield enterprises.
2. Swachhta Udyami Yojana: Financial assistance is available for the construction and operation of community toilets and the procurement of sanitation vehicles. This scheme supports cleanliness and offers livelihood opportunities to Safai Karamcharis and liberated manual scavengers, with subsidies reaching up to ₹3.25 lakh.
3. Special Credit Linked Capital Subsidy Scheme for MSEs under SC/ST Hub: SC/ST-owned MSEs can receive a 25% upfront capital subsidy to purchase plant and machinery, facilitating business growth and expansion and enhancing their participation in public procurement.
4. These programs are designed to promote economic empowerment and infrastructural development within SC/ST communities, contributing to broader national goals such as Swachh Bharat Abhiyan and Make in India.",,,Visit the Stand-Up Mitra portal to explore available subsidy schemes for SC/ST entrepreneurs.,,,https://www.standupmitra.in/Home/SubsidySchemesForSCST,,,,"Email: standupindia[at]sidbi[dot]in

National Helpline Toll-Free Number: 022-67221526","help@standupmitra.in , support@standupmitra.in , standupindia@sidbi.in",2267221526,https://d287f3ceccc71f65c5997d1c29e7ef00.cdn.bubble.io/f1744632923028x525434262788193600/StandUp_India.gif,,,,"Apr 11, 2025 4:44 pm","May 5, 2025 11:03 am",(App admin),
34.0,1744372062933x984579138905133400,IN - SPACE,IN-SPACE SEED FUND SCHEME,Central Government,,Grant,"Upto ₹1,00,00,000",Idea stage to POC,Space,,Active,,Unreserved,"The Indian National Space Promotion and Authorization Centre (IN-SPACe), under the Department of Space, has launched a seed fund scheme to support and promote innovation in India’s private space sector. This initiative aims to fund space start-ups and micro & small enterprises (MSEs) that develop products and services enhancing the quality of life through space technology.","1. IN-SPACe aims to bolster India's private space industry by offering financial aid and growth prospects to early-stage space startups and MSEs.
2. Qualifying companies creating space-related products and services can receive funding up to Rs 1 crore.
3. The initiative also provides mentorship, training, and networking opportunities to these companies.
4. The goal is to drive innovative projects that leverage space technology to enhance the quality of life.
5. For the latest information and application procedures, interested parties can visit the IN-SPACe digital platform at www.inspace.gov.in.",,"Eligibility Criteria for IN-SPACe Seed Fund Scheme for Indian Space Start-ups:
1. DPIIT Registration: Start-ups must be registered with the Department for Promotion of Industry and Internal Trade (DPIIT).
2. Innovative Business Idea: Start-ups need to possess an innovative business idea that can develop and demonstrate a product or service suitable for the space domain. The product should have the potential for commercialization and scalability.
3. Technology Focus: The start-up should use technology as the core element of its product or service.
4. Indian Shareholding: At least 80% of the shareholding must be held by Indian employees, promoters, and angel investors. The company should not have undergone any funding rounds, although investments from venture capitalists are allowed.
5. Matching Investment: The investment from promoters and angel investors at the time of application must at least match the grant requested.
6. Funding Limit: The start-up should not have received more than Rs 50 lakh of monetary support from other Central or State Government schemes. This does not include prize money from competitions, grants for challenges, subsidized working space, access to labs, or access to proprietary software provided by IN-SPACe.",Visit www.inspace.gov.in and register as a New Space Entity (NGE) to access the Integrated Digital Platform (IDP).,https://www.inspace.gov.in/inspace,,https://www.inspace.gov.in/inspace,,,,"Address 1:
IN-SPACe Headquarters
Department of Space, Government of India
Bopal-Shilaj Road
Bopal
Ahmedabad, Gujarat, 380058

Address 2:
IN-SPACe
Antariksh Bhavan
NEW BEL Road
Bengaluru, Karnataka, 560094

Chairman, IN-SPACe:
chairman@inspace.gov.in

Joint Secretary, IN-SPACe:
lochan.sehra@inspace.gov.in

Promotion Directorate director: 
pd@inspace.gov.in

Program Management & Authorization Directorate director: 
pmad@inspace.gov.in

Technical Directorate:
director-td@inspace.gov.in

General Enquiry:
Email: contact-us@inspace.gov.in
Phone: +91 80 22075050",contact-us@inspace.gov.in,8022075050,https://d287f3ceccc71f65c5997d1c29e7ef00.cdn.bubble.io/f1744371762984x404521844271863700/IN%20-%20SPACE%2C%20TAF%20-%20INSPACE.png,,,,"Apr 11, 2025 5:17 pm","May 5, 2025 11:06 am",(App admin),
35.0,1744372277785x425722369856945660,TAF - INSPACE,TECHNOLOGY ADOPTION FUND,Central Government,,"Grant , Convertible Debentures","Upto ₹25,00,00,000",Idea stage to POC,Space,,Active,,Unreserved,"India's space sector, significantly propelled by ISRO and recent space reforms, has seen the introduction of the Technology Adoption Fund (TAF). This fund aims to boost local space technology innovation, reduce import dependency, and position India as a global leader in space products and services.","1. Guided by the Indian Space Policy, IN-SPACe partners with the space industry to strengthen India's position as a key global provider of space services.
2. The Technology Adoption Fund allocates ₹500 crore to support New Gen Enterprise India (NGEi) in the development and commercialization of space technology.
3. The fund offers significant financial support, covering up to 60% of project costs for startups and MSMEs (capped at ₹25 crores) and 40% for larger companies (also capped at ₹25 crores).
4. Intellectual property generated through this fund remains with the NGEi, but its licensing requires approval from IN-SPACe.
5. Recipients are expected to independently commercialize their innovations and share revenue with IN-SPACe as per the established guidelines.
6. Project proposals should clearly address the needs of the space sector and demonstrate how they will contribute to the growth of India's space economy.",,,Visit www.inspace.gov.in and register as a New Space Entity (NSE) to access the Integrated Digital Platform (IDP).,,,https://www.inspace.gov.in/inspace?id=inspace_taf,,,,"Address 1:
IN-SPACe Headquarters
Department of Space, Government of India
Bopal-Shilaj Road
Bopal
Ahmedabad, Gujarat, 380058

Address 2:
IN-SPACe
Antariksh Bhavan
NEW BEL Road
Bengaluru, Karnataka, 560094

Chairman, IN-SPACe:
chairman@inspace.gov.in

Joint Secretary, IN-SPACe:
lochan.sehra@inspace.gov.in

Promotion Directorate director: 
pd@inspace.gov.in

Program Management & Authorization Directorate director: 
pmad@inspace.gov.in

Technical Directorate:
director-td@inspace.gov.in

General Enquiry:
Email: contact-us@inspace.gov.in
Phone: +91 80 22075050",contact-us@inspace.gov.in,8022075050,https://d287f3ceccc71f65c5997d1c29e7ef00.cdn.bubble.io/f1744372132887x268341176603799520/IN%20-%20SPACE%2C%20TAF%20-%20INSPACE.png,,,,"Apr 11, 2025 5:21 pm","May 5, 2025 11:07 am",(App admin),
36.0,1744372986368x423918573126907100,GREAT,GRANT FOR RESEARCH AND ENTREPRENEURSHIP ACROSS ASPIRING INNOVATORS IN TECHNICAL TEXTILES (GREAT),Central Government,,Grant,"Upto ₹50,00,000",Idea stage to POC,Textiles,,Active,,Youth,"The Grant for Research and Entrepreneurship across Aspiring Innovators in Technical Textiles (GREAT), part of the National Technical Textiles Mission launched in August 2023, provides crucial financial support to startups and innovators, promoting the development and commercialization of new technologies in the technical textiles sector.","GREAT is designed to empower entrepreneurs and startups in the technical textiles field, helping them turn innovative ideas into market-ready products and technologies. The initiative offers up to INR 50 Lakhs in grant-in-aid over an 18-month period, supporting the journey from prototype to commercial product.

Benefits for Startups:
1. Financial Support: Receive up to ₹50 lakhs to help cover the costs of developing functional prototypes and commercializing new technologies.
2. Market Readiness: Accelerate the development of technical textile technologies and products to achieve market readiness.
3. Innovation Promotion: Encourages innovation in the technical textiles sector, helping startups transform creative ideas into viable solutions.
4. Ecosystem Development: Facilitates the growth of a supportive startup ecosystem within the technical textiles industry through collaboration and partnership.

This funding is pivotal for startups aiming to make significant contributions to India's self-reliance in technical textiles, providing both the capital and the framework necessary for innovation and growth.",,"i. The Startup should be incorporated as a private limited company, partnership firm, or limited liability partnership, with a turnover less than INR 100 Crores in any of the previous financial years.
ii. The Startup should be focused on innovation or improvement of existing products, services, and processes with potential for employment generation or wealth creation. Entities formed by splitting up or reconstruction of existing businesses do not qualify.
iii. The company must be registered under the Indian Companies Act, 1956/2013.
iv. The incorporation date of the company should not exceed 5 years at the time of applying for the GREAT application submission.
v. At least 51% of the capital must be owned by resident Indian citizen(s) or Indian companies that are ultimately owned and controlled by resident Indian citizen(s).
vi. The application should designate a Project Leader to represent the Startup Company.
vii. The Startup must have an adequate and functional R&D facility to execute the project, or it should be associated with or incubated at an approved incubator.
viii. If a Startup applicant, in which any promoter holds 20% or more shares, is a co-promoter or a partner in another ineligible Startup, the applicant will not qualify.
ix. The verification of the Individual/Startup Company will be conducted by the Associated Incubator.
x. The National Technical Textiles Mission (NTTM), Ministry of Textiles, may verify documents at any time at its discretion, and discrepancies may lead to the cancellation of the grant and other deemed-fit actions.

All guidelines from the Government of India apply, and any new guidelines will be applicable retrospectively to the scheme.",Submit applications exclusively through the official NTTM portal: nttm.texmin.gov.in.,https://nttm.texmin.gov.in/pdf/WhatsNew/Revised%20GREAT%20guidelines.pdf,,https://nttm.texmin.gov.in/,https://nttm.texmin.gov.in/pdf/WhatsNew/Approved_GREAT_startup_FAQs-F.pdf,,,"Addess:
Ministry of Textiles
Room No. 339, Udyog Bhawan
Rafi Ahmed Kidwai Marg
New Delhi – 110011",,,https://d287f3ceccc71f65c5997d1c29e7ef00.cdn.bubble.io/f1744372630719x691543258186495100/GREAT.png,,,,"Apr 11, 2025 5:33 pm","Nov 8, 2025 12:42 pm",(App admin),
37.0,1744376596016x340466478752175170,FLCTD,FACILITY FOR LOW CARBON TECHNOLOGY DEPLOYMENT (FLCTD),Central Government,,Grant,"Upto ₹50,00,000",Idea stage to POC,Power,,Active,,Unreserved,"The Facility for Low Carbon Technology Deployment (FLCTD) project, started in 2016, supports startups working on energy efficiency and low carbon technologies in India’s industrial and commercial sectors. It provides financial incentives and mentorship to help startups validate and commercialize innovative solutions that reduce greenhouse gas emissions and promote sustainability.","If you’re a startup founder focusing on clean technology or climate tech, the FLCTD project can offer you significant support. This initiative:
1. Financial Support: Provides up to INR 50 Lakh to help you demonstrate and validate your technology in actual operating environments. This funding is crucial for moving from the development stage to market readiness.
2. Mentorship: Through the Low Carbon Technology Accelerator program, you’ll receive hands-on guidance from experienced professionals in the cleantech and climate tech industries. This mentorship can refine your business model and improve your technology’s market potential.
3. Networking Opportunities: FLCTD connects you with knowledge-based institutions, government agencies, and industry leaders, enhancing your network and opening up further opportunities for collaboration and growth.
4. Goal-Oriented: The project aims to commercialize 40 innovations and validate 120 more, positioning itself as a catalyst for significant advancements in the energy and sustainability sectors in India.

By participating in FLCTD, you’ll not only advance your startup but also contribute to broader environmental goals, making your venture part of the solution to global sustainability challenges.","Registered start-ups with technologies and products/services currently at early prototype stage are encouraged to apply. Innovator teams may be considered during selection and are required to register their startup as soon as possible (preferably before the program is formally launched). The thematic focus areas for the Low Carbon Technology Accelerator are as follows:
1. Industrial Low Green House Gas Technologiesh
2. Commercial and Residential Low GHG Tech
3. Industry 4.0, Industrial Internet of Things
4. Energy Storage Technologies
5. Food and Agriculture
6. Resource Efficiency",,Visit the FLCTD website to explore current innovation challenges targeting low-carbon technologies.,,,https://www.low-carbon-innovation.org/,,,,,,9014412212,https://d287f3ceccc71f65c5997d1c29e7ef00.cdn.bubble.io/f1744376592645x440306957830890700/FLCTD.jpg,,,,"Apr 11, 2025 6:33 pm","May 5, 2025 11:11 am",(App admin),
38.0,1744443222381x219118811942413000,RKVY,RKVY- RAFTAAR AGRI-ENTREPRENEURSHIP PROGRAMME,Central Government,,Grant,"Upto ₹25,00,000",Seed,Agriculture,,Active,,Youth,"The RKVY-RAFTAAR Agri-Entrepreneurship Programme is designed to stimulate innovation and entrepreneurship in the agricultural sector. This initiative offers financial support and robust incubation to turn innovative ideas into viable agri-businesses, with funding available at both the idea and seed stages.","The RKVY-RAFTAAR scheme is a significant resource for agripreneurs looking to innovate within the agricultural and allied sectors. Here’s how it can help startup founders:
a) Financial Support: The programme provides financial assistance up to Rs. 5 lakh for developing initial ideas (pre-seed stage) and up to Rs. 25 lakh for more advanced seed-stage development. This funding is crucial for covering initial operational costs, prototyping, and market testing.

b) Stages of Funding:
1. Idea/Pre-seed Stage: Receive Rs. 5 lakh to flesh out your innovative agricultural ideas into detailed business plans.
2. Seed Stage: Secure Rs. 25 lakh to implement your plans, develop prototypes, or launch your products into the market.
3. Incubation Support: Beyond funding, entrepreneurs benefit from a nurturing incubation ecosystem that offers mentoring, technical guidance, and business development support. This environment is designed to refine your business model and accelerate the commercialization of your agricultural innovations.
4. Network and Growth Opportunities: Participants gain access to a network of industry experts, potential customers, and fellow innovators. This network can be invaluable for testing ideas, receiving feedback, and scaling operations.

c) By participating in the RKVY-RAFTAAR Agri-Entrepreneurship Programme, you can significantly boost your startup’s potential to succeed in the competitive agricultural sector, turning groundbreaking ideas into profitable businesses that contribute to the industry's growth and sustainability.",,,,https://rkvy.da.gov.in/static/download/pdf/RKVY-RAFTAAR_Ent.pdf,,https://rkvy.da.gov.in/,,,,"Contact Details : 

Email: support.rkvy-dac@gov.in
Phone: 011-23070964",support.rkvy-dac@gov.in,1123070964,https://d287f3ceccc71f65c5997d1c29e7ef00.cdn.bubble.io/f1744631741383x255879183210167680/RKVY.png,,,,"Apr 12, 2025 1:03 pm","Nov 8, 2025 12:43 pm",(App admin),
39.0,1744443610084x973196212827324800,STARTUPS FOR RAILWAYS,"STARTUPS FOR RAILWAYS, MINISTRY OF RAILWAYS",Central Government,,Grant,"Upto ₹1,50,00,000",Early Stage,Railways,,Not specified,,Youth,"The ‘Startups For Railways’ scheme, launched by the Indian Ministry of Railways on June 13, 2022, allocates INR 1.5 crore to fund startups that develop innovative technological solutions aimed at enhancing operational efficiency and safety within the Indian Railways. This initiative encourages startups to engage directly with the challenges faced by the railways.","The 'Startups For Railways' initiative is a strategic effort by the Ministry of Railways to integrate fresh, innovative solutions from Indian startups, MSMEs, innovators, and entrepreneurs into the railway sector. This program is focused on leveraging new technologies to tackle issues related to quality, reliability, and maintainability of railway operations.

Key aspects of the program include:
1. Funding Support: Startups can receive up to INR 1.5 crore to develop and implement their technological solutions within the railway infrastructure.
2. Innovation Portal: Startups interested in participating can find more information and submit their solutions through the Indian Railways Innovation Portal at https://innovation.indianrailways.gov.in/.
3. Objective: The primary goal is to enhance the operational efficiency and safety protocols of Indian Railways through cutting-edge technology.
4. IPR Ownership: Participants in this scheme will retain exclusive ownership of any Intellectual Property Rights (IPR) developed during the project.

This initiative not only provides a substantial financial incentive for startups to innovate in the railway sector but also ensures they have the rights to their creations, encouraging further development and investment in their solutions.",,,,,,https://pib.gov.in/PressReleasePage.aspx?PRID=1994501,,,,,innovation@rb.railnet.gov.in,9506635310,https://d287f3ceccc71f65c5997d1c29e7ef00.cdn.bubble.io/f1744633350855x366486503358861400/startup%20for%20railways.png,,,,"Apr 12, 2025 1:10 pm","Nov 8, 2025 12:44 pm",(App admin),
40.0,1744444347716x248396767295796960,RISE ACCELERATOR,RAPID INNOVATION STARTUP EXPANSION,Central Government,,Not specified,Not specified,Not specified,Others,,Active,,Unreserved,"The India Australia Rapid Innovation and Startup Expansion (RISE) Accelerator is a collaborative program designed to accelerate the growth of startups in India and Australia, focusing on tech-based solutions in environmental and climate technology. This initiative is a partnership between India's Atal Innovation Mission (AIM), NITI Aayog, and Australia's national science agency, CSIRO.","1. The RISE Accelerator supports the rapid scaling of established tech innovations addressing shared social, economic, and environmental challenges between India and Australia.
2. Participating startups undergo a nine-month program offering comprehensive support.
3. This support includes technology validation and adaptation, strategic connections with industry partners, and the development of market entry strategies for both India and Australia.
4. The program specifically focuses on environment and climate technologies to promote sustainable impacts through international collaboration.
5. Through the RISE Accelerator, startups gain crucial resources and expertise for successful expansion and operation in global markets.",,"Participants must:  
1. Be headquartered or domiciled in Australia or India (the home country).
2. Be registered for GST in your country of incorporation have, or be actively developing, a technology or solution that aligns with one or more of the RISE Accelerator challenge statements.","Fill out the online application form on the RISE Accelerator website, providing detailed information about your organization, technology, and expansion plans.",,,https://riseaccelerator.org/,"https://riseaccelerator.org/cohorts-and-challenges/circular-economy/ , https://riseaccelerator.org/cohorts-and-challenges/round-3/ , https://riseaccelerator.org/cohorts-and-challenges/round-2/",,,,,,https://d287f3ceccc71f65c5997d1c29e7ef00.cdn.bubble.io/f1744443962124x487146959044479040/RISE%20ACCELERATOR.png,,,,"Apr 12, 2025 1:22 pm","May 5, 2025 12:15 pm",(App admin),
41.0,1744444648186x206242324301438400,MUDRA - PMMY,Pradhan Mantri Mudra Yojana (PMMY),Central Government,,Loan,"Upto ₹10,00,000",Early Stage,MSME,,Active,,Youth,"The Pradhan Mantri MUDRA Yojana (PMMY) is a government scheme launched on April 8, 2015, aimed at providing financial support up to ₹10 lakh to non-corporate, non-farm small/micro enterprises. It categorizes loans into three types: Shishu, Kishore, and Tarun, to support businesses at different stages of their growth.","PMMY offers a structured loan facility to boost the development of small and micro enterprises, which are crucial for the economy's grassroots growth. The loans under this scheme are:
1. Shishu: For businesses at the nascent stage, providing loans up to ₹50,000.
2. Kishore: For established businesses seeking expansion, providing loans from ₹50,001 to ₹5 lakh.
3. Tarun: For well-established businesses planning substantial expansion, providing loans from ₹5 lakh to ₹10 lakh.
4. Entrepreneurs can access these loans through commercial banks, regional rural banks, small finance banks, and microfinance institutions. PMMY ensures that small business owners can finance their ventures without the need for corporate or farm credentials, significantly facilitating easier credit to start and scale their operations.",,,"1. Offline: Visit your nearest bank, NBFC, or Micro Finance Institution (MFI) participating in PMMY. 
2. Online: Apply through the Udyamimitra portal.",,,https://www.mudra.org.in/,https://www.mudra.org.in/Home/PMMYBankersKit,,,"Address:
SWAVALAMBAN BHAVAN, 
C-11, G-BLOCK, 
BANDRA KURLA COMPLEX, 
BANDRA EAST, MUMBAI – 400 051",missionmudra-dfs@nic.in,1147072748,https://d287f3ceccc71f65c5997d1c29e7ef00.cdn.bubble.io/f1744444442431x153519818550117440/MUDRA%20-%20PMMY.png,,,,"Apr 12, 2025 1:27 pm","Nov 8, 2025 12:45 pm",(App admin),
42.0,1744445056772x431630520145746000,TIFAC,"TECHNOLOGY INFORMATION, FORECASTING AND ASSESSMENT COUNCIL (TIFAC)",Central Government,,Loan,"Upto ₹1,00,00,000",Early Stage,MSME,,Active,,Unreserved,"The TIFAC-SIDBI Revolving Technology Innovation Fund (SRIJAN) was established with an initial corpus of Rs 30.00 crores to support Micro, Small, and Medium Enterprises (MSMEs) in developing, demonstrating, and commercializing innovative technology-based projects. The fund targets early-stage funding to bridge the gap for projects involving unproven technologies.","1. The SRIJAN fund, a joint effort by TIFAC and SIDBI, aims to boost technological innovation within India's MSME sector through early-stage financial support.
2. It addresses the high-risk nature of new technologies by supporting their development, scaling up, and commercialization.
3. With an initial corpus of Rs 30.00 crores, SRIJAN helps MSMEs overcome funding limitations that often hinder innovative projects.
4. The financial assistance provided varies based on the project's needs and potential impact.
5. SRIJAN promotes the advancement of national capabilities in emerging technologies.
6. The fund fosters a culture of innovation within the Indian industrial ecosystem.",,,"1. Prepare Detailed Project Proposal: Develop a comprehensive proposal outlining the innovative technology, its development stage, scalability, and commercialization potential. 
2. Download Application Formats: Obtain the required technical and financial application forms from the TIFAC SRIJAN page. 
3. Submit Proposal: Send the completed proposal and application forms to either TIFAC or SIDBI for evaluation. 
4. Technical and Financial Appraisal: TIFAC conducts the technical assessment, while SIDBI performs the financial appraisal of the proposal. 
5. Approval and Implementation: Proposals approved by both TIFAC and SIDBI are sanctioned by a Project Approval Committee (PAC) for implementation.",https://www.tifac.org.in/images/pdf/funding_guidelines230211.pdf,https://www.tifac.org.in/images/pdf/brochure_sidbi.pdf,https://www.tifac.org.in/index.php/programmes/admin-finance/sidbi,https://www.tifac.org.in/images/pdf/brochure_sidbi.pdf,,,"Contact Person:
P.R. Basak, 
In-Charge,
TIFAC-SIDBI Technology Innovation Programme,
Technology Information, Forecasting & Assessment Council (TIFAC),
'A' Wing, Vishwakarma Bhavan, Shaheed Jeet Singh Marg,  New Delhi - 110 016
Tel : +91-11-26526926, 42525759
Fax : +91-11-2696 1158, 26863866
E-mail : tifac.sidbi@gmail.com
Website : www.tifac.org.in",tifac.sidbi@gmail.com,1126526926,https://d287f3ceccc71f65c5997d1c29e7ef00.cdn.bubble.io/f1744444696933x897236255435649000/TIFAC.jpg,,,,"Apr 12, 2025 1:34 pm","May 5, 2025 12:21 pm",(App admin),
43.0,1744447193422x594392349640416600,PLI-NETWORKING,Production Linked Incentive for Networking,Central Government,,Loan,Not specified,Not specified,MSME,,Active,,Unreserved,The Production Linked Incentive (PLI) Scheme for Telecom and Networking Products aims to bolster the manufacturing of specific telecom and networking products in India. This initiative targets enhancing the domestic production across four defined product categories and attracting significant investments in the telecom sector.,"The PLI Scheme specifically supports companies engaged in manufacturing:
a) Core Transmission Equipment: 4G/5G, Next Generation RAN and Wireless Equipment Access & CPE, IoT Access Devices, and Other Wireless Equipment, Enterprise Equipment, including Switches and Routers.

b) The scheme offers financial incentives to encourage local manufacturing, supporting ""Make in India"" and reducing dependence on imported telecom and networking products. Companies can participate as:
1. MSMEs: Entities registered as Micro, Small, and Medium Enterprises with the Ministry of MSME, Government of India.
2. Non-MSMEs: Larger companies not qualifying under MSME, subdivided into:
i. Domestic Companies: Firms where more than 50% of the capital is owned by resident Indian citizens or Indian companies controlled by Indian citizens.
ii. Global Companies: Firms that operate in multiple countries and do not meet the criteria for Domestic Companies.

c) This structured support aims to propel India forward as a global hub for telecom and networking products manufacturing, leveraging domestic capabilities and enhancing technological self-reliance.",,"1. Revenue Thresholds (Base Year): Global (>₹10k Cr), Domestic (>₹250 Cr), MSME (>₹10 Cr).
2. Annual Investment & Sales Targets: Must meet yearly minimums for cumulative new investment (from 04/01/2021) and increased sales of targeted goods over the base year for incentive eligibility each year.
3. No Incentive Carryover: Failure to meet annual targets results in no incentive for that year, but future eligibility isn't affected.
4. Cumulative Investment Counts: Total investment since 04/01/2021 determines yearly investment eligibility, with annual incentive payout based on yearly targets.
5. Incremental Sales Basis: Increased sales of targeted goods over the base year determine sales eligibility each year.
6. No Dual Central PLI Benefits: Applicants cannot receive benefits for the same product under this and any other Central PLI scheme. State/UT schemes are unaffected. Investments can't be double-counted across PLI schemes.","1. Online Registration: Visit the PLI Telecom Portal and register as an applicant. 
2. Complete Application Form: Fill out the online application form with required details and upload necessary documents. 
3. Application Submission: Submit the completed application through the portal.",https://pli-telecom.udyamimitra.in/Default/ViewFile/?id=REVISEDDOT.pdf&path=MiscFiles,,https://pli-telecom.udyamimitra.in/,,,,"Address:
Small Industries Development Bank of India (SIDBI), 10th floor, Atma Ram House 1, Tolstoy Marg, New Delhi -110001

Enquiry Mail: pli.telecom@sidbi.in

Contact Details :
Ankur Dey, Manager: +91-7977560804,
Sachin Modi, Manager: +91-8901380968,
Pratyush Mishra, DGM: +91-8289076509",pli.telecom@sidbi.in,,https://d287f3ceccc71f65c5997d1c29e7ef00.cdn.bubble.io/f1744446851336x514024315373373440/PLI-NETWORKING.JPG,,,,"Apr 12, 2025 2:09 pm","May 5, 2025 12:23 pm",(App admin),
44.0,1744447943675x776767786789538600,PLI - PHARMACEUTICALS,Production Linked Incentive for Pharmaceuticals,Central Government,,Loan,Not specified,Not specified,MSME,,Active,,Unreserved,"The Production Linked Incentive (PLI) Scheme for Pharmaceuticals aims to enhance pharmaceutical manufacturing in India by incentivizing production and investment in high-value products such as biopharmaceuticals, complex generics, and cell-based therapies. This initiative is designed to make India a global leader in the pharmaceutical industry by fostering cutting-edge technology and innovation.","The PLI Scheme encourages pharmaceutical companies, including startups and existing firms, to scale their operations and penetrate global markets. Key aspects of the scheme include:
1. Eligible Entities: Companies, LLPs, Partnership firms, and proprietorship firms registered in India, planning to manufacture eligible products.
2. Focus Products: The scheme targets high-value pharmaceutical goods including biopharmaceuticals, patented drugs, complex generic drugs, cell-based or gene therapy drugs.
3. Financial Incentives: Incentives are based on incremental sales over a base year, with a total incentive outlay of ₹15,000 crore. The support duration is up to six years depending on meeting specified investment and sales thresholds.
4. Manufacturing Flexibility: Applicants can set up new facilities or utilize existing ones at one or more locations across India.
5. Ineligibility Criteria: Applicants with NPA status, reported as willful defaulters, or undergoing insolvency proceedings are not eligible.

This scheme is part of India’s broader ""Atmanirbhar Bharat"" initiative, aimed at strengthening domestic manufacturing capabilities and boosting exports. The response from the industry has been positive, with a wide range of applications received, highlighting the scheme's potential to significantly impact the pharmaceutical sector’s growth and innovation capacity.",,"1. Global Manufacturing Revenue defined as per the Scheme Guidelines for Group A (5000 crores or more), Group B (500 crore and above, upto 5000 cr) and Group C (less than 500 crore) applicants.
2. Eligibility will be subject to achievement of a minimum cumulative incremental investment over a period of five years and percentage growth in sales of manufactured goods (of Eligible Products covered under the Scheme) net of taxes (as distinct from traded goods). The cumulative investment can be made at one go, subject to annual cumulative threshold as prescribed for four years being met. An applicant is expected to meet all the minimum threshold conditions to be eligible for disbursement of incentive. The Company/ entity may invest in single or multiple eligible products to meet minimum incremental investment and sales threshold.
3. There will be a minimum investment threshold of ₹ 1000 Crores for Group A, 250 Crores for Group B and ₹ 50 Crores for Group C. Cost of land will not be counted as investment. For MSME participants in Group C, the threshold minimum cumulative investment shall be as committed by the participant in application form.
4. Total number of beneficiaries will be limited owing to the fixed ceiling of the budgetary outlay.","1. Access the Application Portal: Visit the official PLI Pharma Portal to initiate the application process. 
2. Complete the Prescribed Application Form: Fill out the application form as specified on the portal, ensuring all required information is provided.",https://pli-pharma.udyamimitra.in/Schemes/SchemesGuidelines,,https://pli-pharma.udyamimitra.in/,,,,"Address:
Small Industries Development Bank of India (SIDBI), 10th floor, Atma Ram House 1, Tolstoy Marg,New Delhi -110001

Enquiry Mail : pli.pharma@sidbi.in
Contact Numbers : +91-7698064748, +91-8918198795",pli.pharma@sidbi.in,7698064748,https://d287f3ceccc71f65c5997d1c29e7ef00.cdn.bubble.io/f1744633527246x392954158967452350/pli.jpg,,,,"Apr 12, 2025 2:22 pm","Nov 8, 2025 12:47 pm",(App admin),
45.0,1744448595780x860094265346885000,Atmanirbhar Start-up Venture Fund,Atmanirbhar Start-up Venture Fund,Central Government,,Equity,Not specified,Not specified,MSME,,Active,,Unreserved,"The Atmanirbhar Start-up Venture Fund, managed by SIDBI Venture Capital Limited, targets scalable and sustainable start-ups that demonstrate potential for significant economic, social, and environmental benefits. It seeks enterprises with high entrepreneurial drive, scalability, innovative business models, and a clear exit strategy.","1. Focus on High-Potential Early-Stage Businesses: This initiative is geared towards supporting new and growing companies within both the manufacturing and services sectors that demonstrate significant potential for rapid expansion.
2. Utilizing Private Equity and Convertible Instruments: The investment strategy involves acquiring stakes in unlisted companies through private equity or using convertible financial instruments.
3. Providing Holistic Growth Support: Beyond just financial investment, the initiative offers crucial mentoring and support to help these ventures achieve rapid growth and become competitive on an international scale.
4. Targeting Ambitious and Strategic Startups: The ideal candidates for this support are startups characterized by strong entrepreneurial drive, a sustainable and proven business model, a durable competitive advantage in their market, and a well-defined strategy for investors to eventually exit their investment.",,,"Send Email to:
atmanirbharvf@sidbiventure.co.in",,,https://www.sidbiventure.co.in/atmanirbhar_start_up_venture_fund.html,,,,"Address
SIDBI Venture Capital Limited, 2nd Floor, Swavalamban Bhavan, C-11, G-Block, Bandra Kurla Complex, Bandra (East), Mumbai - 400 051

Contact Us
Telephone No.: 022 – 6753 1202

Send us a message
E-mail: info@sidbiventure.co.in",info@sidbiventure.co.in,2267531202,https://d287f3ceccc71f65c5997d1c29e7ef00.cdn.bubble.io/f1744448468613x253027348713260830/Atmanirbhar%20Start-up%20Venture%20Fund%2C%20Ubharte%20Sitaare%20Fund.png,,,,"Apr 12, 2025 2:33 pm","May 5, 2025 12:27 pm",(App admin),
46.0,1744451050153x548076628647651700,Ubharte Sitaare Fund,Ubharte Sitaare Fund,Central Government,,Equity,Not specified,Not specified,MSME,,Active,,Unreserved,"The Ubharte Sitaare Fund, managed by SIDBI Venture Capital Limited and co-sponsored by the Export Import Bank of India, focuses on manufacturing and service industry ventures aiming to expand into foreign markets or scale existing export operations. The fund targets high-growth potential enterprises with strong management, scalability, and a sustainable competitive edge, providing equity investments and strategic mentorship to foster international competitiveness.","1. Empowering Mid-Sized Enterprises for Global Expansion: This initiative targets promising companies in the manufacturing and services sectors that have the ambition and potential to expand their operations and market reach internationally.
2. Managed by SIDBI Venture Capital Limited: The program is overseen by SIDBI Venture Capital Limited, indicating a focus on leveraging their expertise in identifying and nurturing growing businesses.
3. Flexible Investment Approach: It employs a versatile investment strategy, utilizing private equity, debt financing, or convertible securities to support the specific needs of the selected unlisted companies.
4. Comprehensive Support for International Competitiveness: Beyond financial investment, the initiative offers mentoring and strategic guidance aimed at facilitating rapid international growth and establishing a lasting competitive edge in the global market.
5. Targeting Future Export Leaders with Clear Exit Paths: The program seeks out companies that possess well-defined exit strategies for investors and demonstrate the potential to become leading exporters through the effective use of technology and strategic market development.",,,"Send Email to:
usf@sidbiventure.co.in",,,https://www.sidbiventure.co.in/ubharte_sitaare_fund.html,,,,"Address
SIDBI Venture Capital Limited, 2nd Floor, Swavalamban Bhavan, C-11, G-Block, Bandra Kurla Complex, Bandra (East), Mumbai - 400 051

Contact Us
Telephone No.: 022 – 6753 1202

Send us a message
E-mail: info@sidbiventure.co.in",info@sidbiventure.co.in,2267531202,https://d287f3ceccc71f65c5997d1c29e7ef00.cdn.bubble.io/f1744450958597x109306532179731070/Atmanirbhar%20Start-up%20Venture%20Fund%2C%20Ubharte%20Sitaare%20Fund.png,,,,"Apr 12, 2025 3:14 pm","May 5, 2025 12:58 pm",(App admin),
47.0,1744451849878x841317089271982000,SIDBI,Small Industries Development Bank of India (SIDBI),Central Government,,Loan,Not specified,Not specified,MSME,,Active,,Youth,"The Small Industries Development Bank of India (SIDBI) plays a crucial role in fostering the growth and development of Micro, Small, and Medium Enterprises (MSMEs) across India. Established in 1990, SIDBI provides financial and developmental aid to the MSME sector by offering various loan products, venture capital, and development services aimed at enhancing their competitiveness.","SIDBI, a cornerstone of India’s financial architecture for MSMEs, offers a wide array of financial products and services designed to meet the diverse needs of small businesses. These include direct lending to MSMEs through various loan schemes and indirect finance through refinancing activities, supporting other financial institutions that lend to MSMEs.

Key Offerings:
1. Direct Loan Products:
a) SMILE (SIDBI Make in India Soft Loan Fund for MSMEs): Provides soft loans for setting up new enterprises or expanding existing ones.
b) SIDBI Trader Finance Scheme (STFS): Offers finance to MSME traders for enhancing their competitiveness.
c) SIDBI Loan for Purchase of Equipment for Enterprise’s Development (SPEED): Targets new and existing businesses needing funds for purchasing new equipment.

2. Specialized Schemes:
a) SHWAS and AROG: These schemes provide timely financial assistance to MSMEs impacted by the COVID-19 pandemic, focusing on healthcare and recovery.
b) TWARIT: Offers working capital loans to industries affected by economic disruptions.
c) Venture Capital: Through its subsidiary, SIDBI Venture Capital Limited, SIDBI also invests in high-growth MSMEs, providing them not just with capital but also strategic assistance for scaling their operations.

3. Developmental Role: Beyond financing, SIDBI engages in several developmental and promotional activities, such as capacity building, creating credit delivery systems, and facilitating business development services.

SIDBI’s efforts are geared towards creating a supportive ecosystem for MSMEs that stimulates innovation, entrepreneurship, and sustainable growth, ensuring that these enterprises can thrive and contribute significantly to the Indian economy.",,,Navigate to www.sidbi.in to explore various loan products and schemes tailored for MSMEs.,,,https://www.sidbi.in/en/,,,,"Address:
15, Ashok Marg, 
Lucknow - 226001, 
Uttar Pradesh

Toll-Free Number: 1800-22-6753 
WhatsApp Support: +91 86930 33333 
Official Website: www.sidbi.in",,,https://d287f3ceccc71f65c5997d1c29e7ef00.cdn.bubble.io/f1744451271064x196745127808042980/SIDBI.png,,,,"Apr 12, 2025 3:27 pm","Nov 8, 2025 12:48 pm",(App admin),
48.0,1744451983544x931395902254324700,PRISM,"Promoting Innovations in Individuals, Start-ups and MSMEs (PRISM)",Central Government,,Grant,Not specified,Idea stage to POC,MSME,,Not specified,,Unreserved,"The PRISM (Promoting Innovations in Individuals, Start-ups, and MSMEs) scheme aims to foster innovation across various sectors by supporting individual innovators and organizations, promoting inclusive development through the creation of advanced technological solutions that aid MSME clusters.","As a startup founder, the PRISM scheme offers a valuable opportunity to advance technological innovations that can make a significant impact on society and the environment. 
Here’s what you need to know:
1. Eligibility: Open to all Indian citizens with innovative ideas ready to be transformed into working prototypes or models. The scheme is also accessible to public funded institutions and organizations such as Autonomous Organizations, Societies registered under the Societies Registration Act, 1860, or Trusts registered under the Indian Trusts Act, 1882 that are engaged in promoting innovation.
2. Support Offered: PRISM provides crucial support in the form of funding and resources to develop state-of-the-art technology solutions. This assistance helps in nurturing ideas from the conceptual stage to the creation of market-ready products or services.",,,,https://www.dsir.gov.in/sites/default/files/2019-09/guide_ph1_cat1.pdf,,https://www.dsir.gov.in/promoting-innovations-individuals-start-ups-and-msmes-prism,,,"The proposals shall preferably be considered in the following focus sectors: 
Green technology, Clean energy, Industrially utilizable smart materials, Waste to Wealth, Affordable Healthcare, Water & Sewage Management and any other technology or knowledge intensive area.","Scientist 'G' and Head
Department of Scientific & Industrial Research, Room No 524, 5th Floor, New Building, Technology Bhawan, New Mehrauli Road, New Delhi-110016
Phone: (011) 26590658, 26590394
Fax: (011) 26960629
E-mail: pkdutta@nic.in",pkdutta@nic.in,1126590658,https://d287f3ceccc71f65c5997d1c29e7ef00.cdn.bubble.io/f1744633819722x546171476277256960/prism.png,,,,"Apr 12, 2025 3:29 pm","May 5, 2025 1:15 pm",(App admin),
49.0,1744452420560x720968547404984700,ANIC,Atal New India Challenge,Central Government,,Grant,Not specified,Idea stage to POC,MSME,,Not specified,,Unreserved,The Atal New India Challenge (ANIC) is a key initiative under the Atal Innovation Mission by NITI Aayog designed to stimulate technology-based innovations that address key challenges of national and societal importance. The program supports innovators and startups through significant funding and resources to help bring prototypes to the commercial market within 12 to 18 months.,"As a startup founder looking to make an impact in India's technology and innovation landscape, the ANIC offers a structured and resource-rich environment:
1. Program Structure: Initially, ANIC calls for applications to tackle predefined challenge statements across various sectors. Applicants undergo a rigorous three-round evaluation process, including an in-person presentation before a technical screening and selection committee.
2. Funding and Support: Successful candidates receive a tranche-based grant-in-aid of up to INR 1 crore. This financial support is complemented by access to AIM’s innovation network, aimed at facilitating the journey from prototype to market-ready product.
3. Sectoral Focus: ANIC collaborates with multiple ministries to target 24 challenge areas critical to India's infrastructure and social systems, including water, transportation, agriculture, housing, and more. This provides a targeted approach to solving specific, impactful problems.
4. Progress and Impact: From over 900 applications, 30 projects have been approved and are currently benefiting from a structured support system. A total of INR 22.85 crores in grants has been earmarked, with the first tranche of INR 6.85 crores already disbursed.
5. Ongoing Opportunities: The initiative is structured to provide ongoing support through multiple funding tranches, reflecting commitment to the sustained development of selected projects.

For startups looking to engage in meaningful innovation with the potential for substantial societal impact, ANIC represents a significant opportunity to gain both financial support and valuable integration into a broader innovation ecosystem.",,"1. Any Indian company incorporated under the Companies Act 1956/2013, primarily a Micro, Small and Medium Enterprises (MSME) as defined in the MSMED Act, 2006.
2. Any company registered as a Start-up, as defined, and recognized by the Department for Promotion of Industry and Internal Trade (DPIIT), Ministry of Commerce and Industry, Government of India.
3. The majority stake (more than 51%) of the applicant entity must be held in India.
4. The applicant should have developed a working prototype of the proposed solution relevant to the challenge area under ANIC.",,,,https://www.aim.gov.in/anic-overview.php,,,,Email: md-aim[at]gov[dot]in,md-aim@gov.in,,https://d287f3ceccc71f65c5997d1c29e7ef00.cdn.bubble.io/f1744633982376x322048700276306600/atal.jpeg,,,,"Apr 12, 2025 3:37 pm","May 5, 2025 1:18 pm",(App admin),
50.0,1744452605612x994273842142880300,CLCSS,Credit Linked Capital Subsidy Scheme,Central Government,,Subsidy,Not specified,Not specified,MSME,,Active,,SC/ST,"The Special Credit Linked Capital Subsidy Scheme (SCLCSS) is part of the National SC-ST Hub scheme aimed at promoting entrepreneurship among SC/ST individuals. It provides a 25% subsidy on the procurement of new Plant & Machinery/Equipment for SC/ST-owned micro and small enterprises (MSEs), enhancing their ability to participate in public procurement.","If you're an SC/ST entrepreneur running a micro or small enterprise, the SCLCSS offers financial assistance to help upgrade your manufacturing or service capabilities. Here’s what you need to know about the scheme:
1. Financial Support: The scheme offers a 25% subsidy for the purchase of new plant and machinery or equipment. This subsidy is provided through institutional credit (bank loans), with a maximum subsidy ceiling of Rs. 25 lakhs. This initiative is designed to help you access the latest technology without sector-specific restrictions.
2. Eligibility Criteria: The scheme is open to sole proprietorships, partnerships, cooperatives, and societies, as well as private micro/small enterprises owned by SC/ST entrepreneurs that are engaged in manufacturing or service activities.
3. Application Process: To apply, you must submit your application along with the necessary documents to the Prime Lending Institution (the bank from which the term loan was obtained for the procurement of plant & machinery/equipment). Nodal banks/agencies designated by the Ministry of MSME will handle the uploading of claim applications on a dedicated MIS Portal.
4. Administration and Disbursement: The nodal banks/agencies will only consider proposals related to credit approved by their branches. For other eligible Primary Lending Institutions (PLIs), SIDBI and NABARD act as nodal agencies to release the subsidy.

This scheme not only facilitates easier access to essential equipment but also supports the expansion and modernization of your business operations, potentially leading to enhanced competitiveness and participation in the broader economy.",,,,https://clcss.dcmsme.gov.in/Manual/Guidelines.pdf,,https://clcss.dcmsme.gov.in/,https://scsthub.in/content/special-credit-linked-capital-subsidy-scheme-sclcss,,,,media-msme@nic.in,,https://d287f3ceccc71f65c5997d1c29e7ef00.cdn.bubble.io/f1744634357442x237049969565628500/CLSS.jpg,,,,"Apr 12, 2025 3:40 pm","May 5, 2025 1:20 pm",(App admin),
51.0,1744453192349x689575826994377200,S&T PRISM,"PROMOTION OF RESEARCH AND INNOVATION IN STARTUPS AND MSMEs IN MINING, MINERAL PROCESSING, METALLURGY AND RECYCLING SECTOR",Central Government,,Grant,Not specified,Growth Stage,Others,,Not specified,,Unreserved,"The Ministry of Mines, in collaboration with IIT Bombay, launched the 1st Mining Start-up Summit to boost innovation in the mining sector. The summit highlighted the need for funding research in startups at technical institutions, leading to the creation of guidelines for the Science and Technology Programme. This initiative aims to bridge the financial gap for startups, helping them transition from development to commercialization.","If you're a startup founder operating in the mining and metals industry, here’s how you can benefit from the new initiative:
Funding Support: The Ministry of Mines is offering seed support to help startups overcome initial financial hurdles. This support is designed to help your startup advance from early development stages to a position where it can attract further investment from angels, venture capitalists, or secure loans from financial institutions.

Objectives of the Program:
1. Ecosystem Promotion: Enhance the research, design, development, and manufacturing ecosystem across the complete value chain in mining and related sectors.
2. Commercialization Bridge: Close the gap between R&D and market readiness, facilitating smoother transitions for startups with innovative technologies.
Collaboration and Capacity Building: Foster collaborations among academia, research institutes, startups, and industry. The program supports this through workshops, seminars, and webinars that provide platforms for stakeholders to share insights and align on goals.
3. Strategic Benefits:
a) Access financial assistance tailored to the needs of tech-driven startups in mining.
b) Engage with experts and gain insights during various organized events.
c) Leverage a network of academic and industry partnerships to scale solutions and technologies.
d) This initiative not only provides the necessary capital to navigate the early stages of business growth but also integrates your startup into a broader network of resources and expertise, enhancing your potential for success in the mining industry.",,"a. Startup Definition and Recognition: Startups recognized by the Department for Promotion of Industry and Internal Trade (DPIIT), Ministry of Commerce and Industry, must focus on innovation, product or process improvement, or possess a scalable business model aimed at employment generation or wealth creation.

b. Company Incorporation and Ownership: 
i. Must be an Indian company incorporated under the Companies Act 1956/2013. 
ii. Primarily categorized under Micro, Small, and Medium Enterprises (MSMEs) as per the MSME Act, 2006. 
iii. Must have over 51% stakes owned by Indian Citizens, NRIs, or OCIs. 
iv. Headquarters must be located in India.

c. Individual Innovators and Institutional Participation: 
i. Individual innovators are encouraged to apply; research and academic institutions can participate under this category. 
ii. Funding release is contingent upon meeting the eligibility criteria for startups or MSMEs before signing the agreement.

d. Consortium and Partnership Applications: Applications can be jointly submitted by more than one organization, including partnerships with consortia, registered societies, and academia.

e. Encouragement of Collaborations: Collaborations with academia or R&D organizations are encouraged to enhance the developmental scope of the project.

f. Project Leadership: 
i. Each proposal must designate a Project Lead (PL) responsible for the technical and managerial aspects of the project. 
ii. The Project Lead is required to sign the project agreement on behalf of all applicants if the application is selected for funding support.",,https://mines.gov.in/admin/download/655212bdb9e5b1699877565.pdf,,https://research.mines.gov.in/Default.aspx,,,"The S&T-PRISM will be focused mainly in the following areas:
i. Prospecting/exploration for strategic rare and rare earth minerals.
ii. Development of new technology for mineral exploration and mining on land and deep sea to locate and exploit new mineral resources.
iii. Research in mining methods. This includes rock mechanics, mine designing, mining equipment, energy conservation, environmental protection and mine safety.
iv. Improve efficiency in process, operations, recovery of by-products and reduction in specification and consumption norms.
v. Research in metallurgy and mineral beneficiation techniques to utilize lower grade and finer size ores.
vi. Extraction of value added products from mine waste, plant tailings etc.
vii. Development of new alloys and metal related products, etc.
viii. Evolve low capital and energy saving processing systems.
ix. Production of materials of high purity.
x. Decarbonisation and development of green technology in mineral based industries
xi. R&D to establish circular economy and use of recycled materials in mineral based
industry
xii. Focus on extraction of strategic, critical and REE at elemental level","Address: 
Metal-IV Section, Room no. 115-A, F wing, Shastri Bhawan, Dr. Rajendra Prasad Road, New Delhi - 110001
Email: met4-mines@gov.in
Contact Number: 01123385187
 

Contact Details of Grievance Redressal officer:
R. P. Gupta
Director
Ministry of Mines
Email: rp[dot]gupta01[at]nic[dot]in
Contact Number: 011-23388487


Contact Details of Web Information Manager:
R. P. Gupta
Director
Ministry of Mines
Email: rp[dot]gupta01[at]nic[dot]in
Contact Number: 011-23388487",met4-mines@gov.in,1123385187,https://d287f3ceccc71f65c5997d1c29e7ef00.cdn.bubble.io/f1744634733218x642585004138688600/Ministry_of_Mines.png,,,,"Apr 12, 2025 3:49 pm","May 5, 2025 1:22 pm",(App admin),
52.0,1744792701841x693407780596821900,STARTUP BIHAR - SEED FUNDING SUPPORT,STARTUP BIHAR - SEED FUNDING SUPPORT,State Government,Bihar,Grant,"₹10,00,000",Seed,,,Active,,Youth,"Start-ups can benefit from a Seed Grant of up to ₹1 million (10 lakhs) as an interest-free loan with a ten-year term, designed to support them during the validation stage of their business.","If you're at the validation stage of your startup, consider taking advantage of the Seed Grant available as an interest-free loan. Here’s what you need to know:
1. Amount of Grant: The program offers up to ₹10 lakhs per startup. This financial support is structured as an interest-free loan, making it a cost-effective option for early-stage funding.
2. Loan Duration: The loan is extended for a period of 10 years, giving you ample time to establish your business and stabilize cash flow before needing to address the repayment.
3. Purpose of the Grant: This funding is specifically intended to aid in the validation stage of your startup. It's designed to help you refine your product or service, conduct market testing, and make necessary adjustments before a broader launch.
4. Application and Utilization: To access this grant, you'll typically need to apply through a designated program that supports startups in your region or sector. The funds should be used strategically to maximize your product’s market readiness and business sustainability.

This seed grant can significantly reduce the financial pressures on new entrepreneurs by providing essential capital at a crucial stage, allowing you to focus on innovation and growth without the immediate burden of interest payments.","Startups that are certified under the Bihar Startup Policy 2017 or 2022, have launched their product in the market, and demonstrate potential for growth are eligible to apply for benefits and support under the Startup Bihar initiative.",,Visit the Startup Bihar portal and register your startup by providing necessary details and documents.,,,https://startup.bihar.gov.in/benefits-supports,,https://startup.bihar.gov.in/startup-cell-and-incubators-list,,"Phone Numbers: +91 62877 97918 (Sudarshan Chakravarty), +91 62877 97917 (CA Megha Bhadani)
Email: startup-bihar@gov.in
Official Website: startup.bihar.gov.in","startup-bihar@gov.in , startup-bih@gov.in",18003456214,https://d287f3ceccc71f65c5997d1c29e7ef00.cdn.bubble.io/f1744792466923x551917151200125760/BIHAR.png,,,,"Apr 16, 2025 2:08 pm","Nov 8, 2025 12:51 pm",(App admin),
53.0,1744793502187x843603240419541800,STARTUP BIHAR - EARLY STAGE FUNDING SUPPORT,STARTUP BIHAR - EARLY STAGE FUNDING SUPPORT,State Government,Bihar,Loan,"₹15,00,000",Early Stage,,,Active,,Youth,"Start-ups that have successfully utilized initial seed funding can apply for an early stage funding of ₹1.5 million under the Bihar Startup Policy. This funding is provided as a loan with a 5-year repayment period, following a 2-year moratorium, and incurs a simple interest rate of 5%.","If you're advancing past the seed stage and require additional financial support to scale your operations, consider the early stage funding available under the Bihar Startup Policy. 

Here’s what this opportunity entails:
1. Funding Details: Eligible start-ups can receive ₹1.5 million as a loan. This loan has a 5-year repayment schedule that starts after a 2-year moratorium period to provide relief and flexibility during the early critical stages of business growth.
2. Interest Rate: The loan carries a simple interest rate of 5%, which is competitive and designed to be manageable for growing start-ups.
3. Purpose: This funding is intended to help start-ups that have already launched products or services and demonstrate potential for significant growth. It supports activities such as product development, market expansion, and operational scaling.",,"1. Certification Requirement: The start-up must be certified under the Bihar Startup Policy 2017 or 2022.
Seed Fund Utilization: A minimum of three months should have passed since the receipt of the full ₹10 lakhs seed fund.
2. Financial Performance: Product-related entities must have earned a turnover of ₹25 lakhs.
Service-related entities must have a turnover of ₹20 lakhs.
3. Relevant financial documentation such as audited balance sheets or GST returns must be provided.
Employment: The start-up should have between 5 to 10 employees, with proof of employment provided via bank statements or salary slips.
4. Team Expertise: At least one founder or key team member should possess relevant educational qualifications or technical knowledge related to the business.
5. Growth and Feasibility: Existing businesses should show at least 20% growth from the previous financial year.
6. New businesses (current financial year) should meet the turnover criteria mentioned above.
7. Business Planning: A detailed project report on future plans and a CA-certified utilization certificate for the seed fund must be submitted.",Startups can apply for support under the Bihar Startup Policy by registering and submitting their application online through the official portal: https://startup.bihar.gov.in.,https://startup.bihar.gov.in/static/media/SOP%20for%20Early%20Stage%20Funding-%20Revised.51d15bea123ee299bd5f.pdf,,https://startup.bihar.gov.in,,https://startup.bihar.gov.in/startup-cell-and-incubators-list,,"Email: startup-bihar@gov.in
Helpline: 1800-345-6214
Website: https://startup.bihar.gov.in","startup-bihar@gov.in , startup-bih@gov.in",18003456214,https://d287f3ceccc71f65c5997d1c29e7ef00.cdn.bubble.io/f1744792764781x754467447171181800/BIHAR.png,,,,"Apr 16, 2025 2:21 pm","Nov 8, 2025 12:51 pm",(App admin),
54.0,1744793916839x689057824336659800,STARTUP BIHAR - MATCHING LOAN SUPPORT,STARTUP BIHAR - MATCHING LOAN SUPPORT,State Government,Bihar,Loan,"₹50,00,000",Scale up Stage,,,Active,,Youth,"Startups with funding from recognized angel investors and SEBI-registered Category-1 AIFs can access a unique early-stage funding support under the Bihar Startup Policy. This includes a success fee grant of 2% of the funds raised and a matching loan up to 100% of the funds raised, capped at ₹5 million. The repayment of the loan is spread over 7 years following a 2-year moratorium, with a simple interest rate of 5% per annum.","For startups looking to scale operations and enhance their financial capabilities, Bihar's early-stage funding support offers a substantial financial boost:
1. Eligibility: Startups must be certified under the Bihar Startup Policy 2017/2022 and have secured investments from recognized angel investors or SEBI-registered Category-1 AIFs.
2. Financial Support: The program provides a 2% success fee as a grant on the funds raised. Additionally, startups can receive a matching loan amounting to 100% of the funds raised, with a maximum limit of ₹5 million.
3. Additional Benefits: Women enterprises, as well as startups led by SC/ST or differently-abled entrepreneurs, receive an extra 5% and 15% on the success fee grant, respectively.
4. Loan Terms: The matching loan carries a simple interest of 5% per annum and is repayable over 7 years after a 2-year moratorium period.
5. Application Process: Applications can be submitted through the dedicated portal (startup.bihar.gov.in) or via email if the portal is non-functional.

Criteria for Early-Stage Funding Support:
1. Certification: The startup must be certified under Bihar Startup Policy.
Investor Criteria: Must have raised funds from recognized angel investors or SEBI-registered Category-1 AIFs.
2. Repayment Schedule: Loan repayment is structured over 7 years following a 2-year moratorium, with an interest rate of 5% per annum.
3. Required Documents: Documentation includes proof of investment received, bank statements highlighting the investment, equity dilution proof, fund utilization plan, and project milestones.
4. Disbursement: Funds are disbursed post-approval from the State Mission Implementation Committee (SMIC).

This funding mechanism is designed to support startups in achieving rapid growth and scalability by leveraging external investments with substantial matching funds and grants, providing a robust platform for startups to thrive in competitive markets.","Startups certified under the Bihar Startup Policy 2017 or 2022, which have launched their product in the market and demonstrate potential for growth, are eligible to apply for benefits and support under the Startup Bihar initiative.",,Startups can apply by registering and submitting their application online through the official portal: https://startup.bihar.gov.in.,https://startup.bihar.gov.in/static/media/Matching%20Loan.14234dba2d6580a941c6.pdf,,https://startup.bihar.gov.in,,https://startup.bihar.gov.in/startup-cell-and-incubators-list,,"Email: startup-bihar@gov.in
Helpline: 1800-345-6214
Website: https://startup.bihar.gov.in","startup-bihar@gov.in , startup-bih@gov.in",18003456214,https://d287f3ceccc71f65c5997d1c29e7ef00.cdn.bubble.io/f1744793898527x220000000148921080/BIHAR.png,,,,"Apr 16, 2025 2:28 pm","Nov 8, 2025 12:52 pm",(App admin),
55.0,1744794898971x230830229657106980,STARTUP PUNJAB SEED FUND,STARTUP PUNJAB SEED FUND,State Government,Punjab,Grant,"₹3,00,000",Seed,,,Active,,Unreserved,"The initiative aims to transform the State into a leading global hub for startups and innovation, driving economic growth and generating significant employment and entrepreneurial opportunities. It focuses on developing a conducive ecosystem by addressing various challenges and providing essential infrastructure and support to nurture startups.","This program is designed to foster innovation and entrepreneurship within the state by creating a supportive ecosystem that addresses key areas:
1. Ecosystem Development: Addressing challenges related to enterprise, market, product, knowledge, idea, and culture to create a conducive environment for startups.
2. Infrastructure and Environment: Establishing the necessary infrastructure and regulatory environment to promote entrepreneurial activities effectively.
3. Industry-Academy Linkages: Strengthening connections between industries and academic institutions to enhance the entrepreneurial culture and innovation.
4. Regulatory Simplification: Streamlining laws, rules, and regulations to create a startup-friendly environment that facilitates easier startup operations and growth.
5. Seed Funding: Providing a seed fund of ₹300,000 to selected startups to help them develop their ideas and start their business journey.

This strategic approach aims to attract and support innovative startups by providing them with the tools and resources needed to succeed, thereby establishing the state as a prominent player in the global startup ecosystem.","Startups that are:
1. Registered as a Private Limited Company, Registered Partnership Firm, or Limited Liability Partnership (LLP) under relevant Indian laws.
PM Yojana
2. DPIIT-recognized.
3. Not more than 10 years old from the date of incorporation/registration.
4. With an annual turnover not exceeding INR 100 crore in any of the financial years since incorporation.
5. Working towards innovation, development, or improvement of products or services, or have a scalable business model with high potential for employment generation or wealth creation.

Additionally, the startup should be registered under the Punjab Shops and Commercial Establishment Act, 1958, and is expected to hire at least half of its total skilled staff from Punjab, excluding contract workers.",,Startups can apply by registering and submitting their application online through the official portal: https://pbindustries.gov.in/startup/startup_punjab;Key=seedFund.,,,https://pbindustries.gov.in/startup/startup_punjab;Key=seedFund,,https://pbindustries.gov.in/startup/startup_punjab;Key=cell,,"Email: startup-pb@punjabinfotech.in
Phone: +91 9988666952

Office Address: 
Government of Punjab, 
Udyog Bhawan, Sector-17, 
Chandigarh-160017",startup-pb@punjabinfotech.in,9876121633,https://d287f3ceccc71f65c5997d1c29e7ef00.cdn.bubble.io/f1744794635357x791693688363282600/PUNJAB.jpg,,,,"Apr 16, 2025 2:44 pm","May 5, 2025 1:34 pm",(App admin),
56.0,1744795549786x588068254662889500,STARTUP GOA - SEED CAPITAL SCHEME,STARTUP GOA - SEED CAPITAL SCHEME,State Government,Goa,Grant,"Upto ₹10,00,000",Early Stage,,,Active,,Unreserved,"Startups with a viable Minimum Viable Product (MVP) can access a one-time grant of up to ₹10 lakhs, supported by the Seed Capital Fund, to bolster their growth and development.","For startups in the early stages of their product development, the following benefits and eligibility criteria are outlined for accessing financial support:
1. Financial Support: Startups can receive a one-time grant of up to ₹10 lakhs. This grant is aimed at helping startups with promising MVPs to accelerate their development and bring innovative products or services to market more quickly.
2. Source of Funding: The funds for this grant are sourced from the Seed Capital Fund, ensuring dedicated financial support for innovative early-stage companies.",,"1. Age of Startup: The startup should be up to seven years from the date of incorporation or registration.
2. Revenue Threshold: The startup should have an annual turnover not exceeding ₹25 crore in any of the preceding financial years.
3. Innovation Focus: The startup must be focused on innovation, development, or improvement of products or services, specifically those that are powered by engineering or internet-based software or technology.
4. Definition of a Local Startup: A 'local startup' is defined as one where at least 50% of equity or share is held by one or more Goan residents continuously since inception. This classification may provide additional benefits or considerations under regional policies.

This grant aims to reduce the financial burden on innovative startups, enabling them to focus on scaling their operations and enhancing their technological offerings.","Startups can apply by registering and submitting their application online through the official portal: 
https://www.startup.goa.gov.in.",,,https://www.startup.goa.gov.in/,https://www.startupindia.gov.in/content/sih/en/state-startup-policies/Goa-state-policy.html,,,"Address: IT HUB, 2nd Floor, Altinho, Panaji-Goa 403001

Phone: 1800-233-5060
Email: spc-dit.goa@gov.in",spc-dit.goa@gov.in,18002335060,https://d287f3ceccc71f65c5997d1c29e7ef00.cdn.bubble.io/f1744885735316x843523796720163500/Goa.jpg,,,,"Apr 16, 2025 2:55 pm","May 5, 2025 1:37 pm",(App admin),
57.0,1744796049726x399245132502623800,STARTUP GOA - ONE TIME LOAN,STARTUP GOA - ONE TIME LOAN,State Government,Goa,Loan,"Upto ₹10,00,000",Early Stage,,,Not specified,,Unreserved,"The program offers a one-time loan of up to Rs. 10 lakhs to startups that have developed a Minimum Viable Product (MVP). This loan, sourced from the Seed Capital Fund, is initially treated as a debt but can be converted into equity based on terms agreed upon at the loan's disbursement. Startups that have received a one-time grant for MVP development are ineligible for this loan.","For startups at the MVP stage seeking financial support without diluting too much equity initially, this unique funding opportunity provides a flexible financial instrument combining both loan and potential equity conversion features:
1. Loan Amount and Terms: Up to Rs. 10 lakhs is available as a loan, which startups are required to repay according to predefined terms agreed upon during the disbursement.
2. Equity Conversion Option: The loan can be converted into equity, offering the funding cell a stake in the startup. The percentage of ownership converted from the debt will be determined mutually at the time of the loan disbursement.
3. Definition of Startups: Eligible startups must be registered/incorporated in the State of Goa for up to seven years, with an annual turnover not exceeding INR 25 crore in any preceding financial year, and must focus on innovation in engineering or technology-based software or services.
4. Local Startup Definition: A local startup, which avails additional considerations, is defined as one where at least 50% of equity is held by one or more Goans continuously from the inception.

This structured approach ensures targeted support to startups at a crucial phase of their development, facilitating growth and innovation within the regional startup ecosystem.",,This funding option is not available to startups that have already availed themselves of the one-time grant for MVPs. This ensures that financial resources are distributed to assist a broader range of startups.,"Startups can apply by registering and submitting their application online through the official portal: 
https://www.startup.goa.gov.in.",,,https://www.startup.goa.gov.in/,https://www.startupindia.gov.in/content/sih/en/state-startup-policies/Goa-state-policy.html,,,"Address: IT HUB, 2nd Floor, Altinho, Panaji-Goa 403001

Phone: 1800-233-5060
Email: spc-dit.goa@gov.in",spc-dit.goa@gov.in,18002335060,https://d287f3ceccc71f65c5997d1c29e7ef00.cdn.bubble.io/f1744885721526x728054979094184300/Goa.jpg,,,,"Apr 16, 2025 3:04 pm","May 5, 2025 1:42 pm",(App admin),
58.0,1744796621308x138457309836494740,STARTUP GOA - SALARY REIMBURSEMENT SCHEME,STARTUP GOA - SALARY REIMBURSEMENT SCHEME,State Government,Goa,Reimbursement,"Upto ₹10,00,000",Early Stage,,,Not specified,,Youth,"Startups hiring local talent in Goa can access significant financial incentives, including salary reimbursements for fresh graduates and grants for maintaining a local-majority workforce. These initiatives are designed to foster local employment and support startups in scaling their operations sustainably.","Startups based in Goa are eligible for two major financial incentives to support hiring and retaining local talent:
1. Salary Reimbursement for Hiring Freshers: Startups hiring local fresh graduates can receive 50% of the salary reimbursement for each fresher, capped at ₹10,000 per month per recruit.
2. Definition of Freshers: Professionals considered as freshers must have completed their graduation within the last two years.
3. Matching Grant for Local Workforce: If a startup's workforce consists of at least 60% local employees, they can receive a matching grant that reimburses up to 25% of the salary paid to these local employees.
4. Source of Funding: These reimbursements and grants are funded through the Working Capital Fund, ensuring consistent financial support.",,"1. Age of Startup: The startup should be up to seven years from the date of its incorporation or registration.
2. Revenue Cap: The startup should have an annual turnover not exceeding ₹25 crore in any of the preceding financial years.
3. Focus: The startup must be engaged in innovation, development, or improvement of products or services that are powered by engineering or internet-based software or technology.
4. Local Startup Definition: A 'local startup' is defined as one where at least 50% of equity/share is held continuously by one or more residents of Goa since its inception. This classification may offer additional benefits or priorities under local policies.

These incentives are designed to boost local employment and integrate fresh talent into the technology sector, supporting startups financially while they contribute to the local economy and workforce development.","Startups can apply by registering and submitting their application online through the official portal: 
https://www.startup.goa.gov.in",,,https://www.startup.goa.gov.in/,https://www.startupindia.gov.in/content/sih/en/state-startup-policies/Goa-state-policy.html,,,"Address: IT HUB, 2nd Floor, Altinho, Panaji-Goa 403001

Phone: 1800-233-5060
Email: spc-dit.goa@gov.in",spc-dit.goa@gov.in,18002335060,https://d287f3ceccc71f65c5997d1c29e7ef00.cdn.bubble.io/f1744885707660x720643206023213000/Goa.jpg,,,,"Apr 16, 2025 3:13 pm","Nov 8, 2025 12:54 pm",(App admin),
59.0,1744797414591x768486369923968400,SSIP GUJARAT,Startup Srujan Seed Support (S4),State Government,Gujarat,Grant,"₹2,50,000 - ₹10,00,000",Idea stage to POC,,,Active,,Youth,"The Gujarat Government's Startup Srujan Seed Support (S4) - Cohort 3, under the Student Startup and Innovation Policy (SSIP 2.0), invites applications to provide financial grants to student innovators and startups. Managed by Gujarat Student Startup and Innovation Hub (i-Hub), the initiative offers funding between INR 2.5 to 10 Lacs to help transform innovative ideas into market-ready products.","The S4 program, operated by the Gujarat Student Startup and Innovation Hub (i-Hub), offers grants ranging from INR 2.5 to 10 lakhs. These grants are designed to help advance Proof of Concept (PoC) to the Product/Market Stage. Eligible applicants include:
i. Age Limit: Up to 35 years. 
ii Educational Stage: From school students (up to Class 12) to higher education levels (including dropouts)
iii. Development Stages Supported:
Ideation (Pre Prototype/Proof of Concept)
iv. Validation (Minimum Viable Product, MVP)
v. Early Stage

This initiative is part of a larger strategy to create a nurturing environment for innovation, with the aim of developing new products and solutions that can make a significant impact in various sectors.",,"The innovators and Startups aspiring to avail this could be in any stage as below:
i. A school student of Foundational/Preparatory/Middle/Secondary level (Up to Class 12);
ii. A Diploma / Vocational / Undergraduate / Postgraduate / Doctoral student or an alumna/alumnus;
iii. Any dropout from school/institute/university, from Gujarat.","Startups can apply by registering and submitting their application online through the official portal: 
https://startup.gujarat.gov.in",,,https://startup.gujarat.gov.in/home,,,,"Address: 
Office of Industries Commissionerate, 
Block No: 1, 3rd Floor, 
Udhyog Bhavan, Sector: 11, 
Gandhinagar - 382010, 
Gujarat, INDIA.

Phone: 079-23252588 / 1800-233-0616",srujan@ihubgujarat.in,9978047421,https://d287f3ceccc71f65c5997d1c29e7ef00.cdn.bubble.io/f1744885692295x949147623128104600/Gujarat.png,,,,"Apr 16, 2025 3:26 pm","Nov 8, 2025 12:54 pm",(App admin),
60.0,1744798165238x452445167136056770,STARTUP JK (JAMMU AND KASHMIR) SEED FUND,STARTUP JK (JAMMU AND KASHMIR) SEED FUND,State Government,Jammu and Kashmir,Grant,"Upto ₹10,00,000",Seed,,,Active,,Youth,The policy provides up to ₹10 lakhs in one-time assistance to recognized startups for product research & development or to introduce innovative products or services into the market. This assistance is contingent upon approval by the Startup Task Force and meeting specific criteria.,"1. Providing Seed Funding for Early Growth: This initiative offers financial assistance of up to ₹10 lakhs (and potentially ₹12 lakhs under specific conditions) to recognized startups, specifically earmarked for product development and initial market entry activities.
2. Offering Diverse Funding and Support Mechanisms: The funding provided is part of a broader support system that can include equity investments, access to government grants, incubation services, and assistance with patent filings.
3. Enhancing Support for Specific Demographics and Sectors: The initiative provides additional benefits and support for startups operating in designated focus sectors or those founded or majority-owned by individuals from Scheduled Castes (SC), Scheduled Tribes (ST), women, or persons with disabilities, highlighting a commitment to inclusivity.
4. Aiming to Foster Innovation, Scalability, and Inclusive Economic Growth: The overarching objective is to encourage the development of innovative and scalable businesses that have the potential to generate employment and create wealth, with a strong emphasis on ensuring opportunities are available to diverse groups.",,"1. Incorporated/registered within the last 7 years.
2. Annual turnover has not exceeded ₹25 crores in any financial year.
3. Not formed by splitting up or reconstruction of an existing business.
4. Not a subsidiary of an existing company.
5. Focused on innovation, development, or improvement of products/processes/services.
6. Scalable business model with potential for high employment generation or wealth creation.
7. Location and Ownership: Incorporated/registered in Jammu and Kashmir, or employs at least 50% of its permanent workforce from Jammu and Kashmir.
8. Funding and Support Requirements: Received at least ₹10 lakhs in equity financing from Venture Capital Firms or recognized angel investors.
9. Obtained a sanction letter of funding/grant of at least ₹5 lakhs from the Government of India or any State Government.
10. Physically incubated in a recognized incubator in the State for at least 3 months.
11. Has published or been granted a domestic or international patent.
12. Additional Support Conditions: From focus sectors, or founded by individuals from SC/ST/Women or specially abled categories.
13. At least 25% of shareholding by SC/ST/women/physically challenged, or being the single largest shareholder.

This structured support is designed to foster a robust ecosystem for startups, encouraging them to innovate and expand their market presence effectively.","Apply online:
https://www.startupjk.com/investor/login",,,https://www.startupjk.com/,,,,,ray.vishal@nic.in,9419902033,https://d287f3ceccc71f65c5997d1c29e7ef00.cdn.bubble.io/f1744885674276x239371823344717060/jammu%20and%20kashmir.png,,,,"Apr 16, 2025 3:39 pm","Nov 8, 2025 11:52 am",(App admin),
61.0,1744799470181x567383925261071300,STARTUP JK (JAMMU AND KASHMIR) MONTHLY ALLOWANCE,STARTUP JK (JAMMU AND KASHMIR) MONTHLY ALLOWANCE,State Government,Jammu and Kashmir,Allowance,"Upto ₹12,000",Idea stage to POC,,,Active,,Youth,"The scheme offers a monthly allowance of ₹10,000 for one year to eligible start-ups to support their early stages of development. For start-ups led by or significantly involving underrepresented groups, the allowance increases to ₹12,000 per month","1. Reducing Initial Financial Pressure on New Ventures: The primary goal of this initiative is to alleviate the financial constraints typically experienced by newly established startups, enabling them to concentrate their resources and efforts on innovation and achieving growth.
2. Approval-Based Support: The provision of this support is contingent upon the approval of a designated Start-up Task Force, suggesting a process of evaluation and selection based on specific criteria.
3. Targeting Startups Meeting Defined Criteria: This support is specifically intended for startups that satisfy particular financial and operational requirements, indicating a focus on businesses that demonstrate a certain level of viability and potential.",,"Equity Financing:
1. The start-up must have received at least ₹5 lakhs in equity financing from venture capital firms or recognized angel investors.
2. Government Funding: Start-ups with a sanction letter for funding or grants from the Government of India or any state government are eligible.
3. Incubation: The start-up must be physically incubated in a recognized state incubator for at least three months.
4. Additional Benefits for Special Categories: A higher monthly allowance of ₹12,000 is available for start-ups:
i. From focus sectors specified by the policy.
ii. Founded by individuals from SC/ST/Women or Specially Abled groups (with more than 40% disability).
iii. Where at least 25% of the shareholding is held by SC/ST/women/physically challenged individuals.
iv. Where SC/ST/Women or Specially Abled individuals are the single largest shareholders.

This scheme not only fosters a supportive environment for new ventures but also emphasizes inclusivity and equal opportunity by providing additional support to start-ups from underrepresented groups.",,,,https://www.startupjk.com/,,,,,ray.vishal@nic.in,9419902033,https://d287f3ceccc71f65c5997d1c29e7ef00.cdn.bubble.io/f1744885657950x806030147555311500/jammu%20and%20kashmir.png,,,,"Apr 16, 2025 4:01 pm","Nov 8, 2025 12:56 pm",(App admin),
62.0,1744881554617x979271467338653000,STARTUP KARNATAKA ELEVATE,STARTUP KARNATAKA ELEVATE,State Government,Karnataka,Grant,"Upto ₹50,00,000",Seed,,,Active,,Unreserved,"ELEVATE aims to support startups through financial grants, expert mentoring, and additional resources to help them develop and expand their innovative products or solutions. The program includes multiple stages of evaluation, culminating in a grand finale pitch session where the most promising startups are selected for comprehensive support.","1. Rigorous Multi-Stage Selection Process: ELEVATE employs a stringent evaluation method that includes an initial eligibility review followed by offline pitching sessions held across multiple cities, where startups present their ideas to industry experts.
2. Significant Grant Funding for Winners: Startups that successfully navigate the selection process stand to receive substantial grant funding, with potential awards reaching up to INR 50 lakhs.
3. Comprehensive Support Ecosystem: Beyond financial grants, the program offers a holistic support system encompassing incubation facilities, mentorship from experienced professionals, a ""booster kit"" of resources, various incentives, and valuable connections to Venture Capital (VC) firms.
4. Streamlined Application Process: Startups interested in participating can conveniently apply through the dedicated Startup Karnataka Portal, indicating a focused effort by the state to foster its startup ecosystem.",,"1. Type of Organization: Must be a Pvt. Ltd., OPC Pvt. Ltd., LLP, or Partnership firm registered or incorporated in Karnataka.
2. Turnover Limit: Should not exceed INR 100 Crores in any financial year since incorporation/registration.
3. Startup Age: Must not exceed 10 years from the date of incorporation/registration as on the last date of application.
4. Innovation Focus: Should be oriented towards innovation, development, or improvement of products, processes, or services, or possess a scalable business model with significant potential.
5. Community Representation: If promoted by entrepreneurs from the OBC/Minority community, at least one director/partner must hold a minimum of 51% share; for SC/ST community promoters, this requirement is 70%.
6. Caste Certificate: OBC/Minority/SC/ST director(s)/partner(s) must have a valid digital caste certificate issued by Karnataka’s Revenue Department.
7. Ownership Duration: Director(s)/partner(s) must remain with the business throughout the project and must not alter ownership terms to their disadvantage during the project.
8. Banking Requirements: A No-Lien bank account must be established for the transfer of the grant amount if selected.",Startups can apply by registering and submitting their application online through the official portal: https://www.missionstartupkarnataka.org/elevate-karnataka?en,,,https://www.missionstartupkarnataka.org/elevate-karnataka?en,,,,"Email: startupcell@karnataka.gov.in

Startup Karnataka HELPLINE: 080-22231007",startupcell@karnataka.gov.in,8022231007,https://d287f3ceccc71f65c5997d1c29e7ef00.cdn.bubble.io/f1744881256992x457445226797863500/Karnataka.png,,,,"Apr 17, 2025 2:49 pm","May 5, 2025 3:00 pm",(App admin),
63.0,1744883507123x280281838741179170,BIO VENTURE FUND (KITVEN FUND 3),BIO VENTURE FUND (KITVEN FUND 3),State Government,Karnataka,Equity,"₹1,00,00,000 - ₹3,50,00,000",Early Stage,,,Active,,Unreserved,"KITVEN Fund-3 (Biotech) is a SEBI-registered venture capital fund focused on investing in startups and SMEs within Karnataka's biotechnology and related sectors. The fund aims to support companies through equity investments, preference capital, and debentures, with an investment horizon typically between 3 to 5 years.","1. Targeted Financial Support for Biotech Innovation: This fund offers significant financial assistance, ranging from INR 1 crore to INR 3.5 crores, specifically aimed at fostering innovative companies within the biotechnology sector.
2. Supporting Diverse Biotech Ventures: The fund is designed to support businesses across various stages of development, including startups, early-stage companies, and Small and Medium-sized Enterprises (SMEs) that are focused on significant technological advancements or the creation of unique products in biotechnology.
3. Addressing the Long Development Cycles in Biotech: Recognizing the extended timelines associated with intellectual property development and product development in the biotech industry, the fund provides crucial capital and actively seeks opportunities for co-investment with other established venture capital or investment firms.
4. Streamlined Initial Application Process: To initiate the application process, interested companies are required to submit an executive summary via email, providing key details about their company's background, the technology they are developing, the market opportunities they are targeting, and their specific funding requirements.
5. Facilitating Strategic Investments for Growth: This focused approach aims to facilitate targeted investments that have the potential to significantly enhance the growth trajectory and market penetration of companies operating within the dynamic biotechnology sector.","Startups based in Karnataka that are:
1. Registered with the Karnataka Startup Cell.
2. Not subsidiaries, franchises, white-labeled resellers, or part of a group company.
3. Not Section 8 companies, trusts, associations, societies, or non-profit entities.
4. Not a result of a merger/demerger from a larger organization.
5. Not part of any government initiative, aided partner, or public-private partnership.",,"Apply online at : 
http://www.kitven.in/application-form",,,https://www.missionstartupkarnataka.org/funding?en,,,"1. Deep Tech & Emerging Technologies: Artificial Intelligence (AI), Machine Learning (ML), Robotics, Drones, Electric Vehicles (EVs), and MedTech.
2. Sustainable Development Goals (SDGs): Circular Economy, Renewable Energy, Climate Change, and other sustainability-focused innovations.
3. Assistive Technologies: Innovations aimed at improving accessibility and quality of life for differently-abled individuals.
4. Grassroot & Rural Innovations: Bottom-up solutions that address local challenges and improve the socio-economic conditions of rural communities.","Address:
The Chief Executive Officer,
Karnataka Asset Management Company Private Limited
Khanija Bhavan, 4th Floor, East Wing, No 49, Race Course Road,
Bangalore – 560 001. India.",info@kitven.in,8022231008,https://d287f3ceccc71f65c5997d1c29e7ef00.cdn.bubble.io/f1744883479590x355381328860215400/Karnataka.png,,,,"Apr 17, 2025 3:21 pm","May 5, 2025 5:25 pm",(App admin),
64.0,1744885492548x226566044869920030,STARTUP KARNATAKA ELEVATE UNNATI,STARTUP KARNATAKA ELEVATE UNNATI,State Government,Karnataka,Grant,"Upto ₹50,00,000",Seed,,,Active,,"SC/ST , Youth","ELEVATE Unnati is a social inclusion initiative by the Government of Karnataka aimed at fostering SC/ST entrepreneur-led startups. It provides financial support, mentorship, and incubation services to help these startups develop innovative technology solutions.","1. Empowering SC/ST Entrepreneurs in Karnataka's Tech Sector: This initiative, spearheaded by the Department of Social Welfare, Karnataka, is specifically designed to empower startups founded or led by individuals from Scheduled Castes (SC) and Scheduled Tribes (ST) through the leverage of technological innovation.
2. Significant Grant Funding for Promising Ventures: The program offers substantial grant funding, up to ₹50 lakhs, to support the most innovative and impactful startup ideas emerging from SC/ST entrepreneurs.
3. Comprehensive Business Development Support: Beyond financial assistance, the program provides critical business support services, including mentorship from experienced professionals, guidance in securing further funding, and access to incubation facilities.
4. Promoting Inclusivity within Karnataka's Startup Landscape: A key objective of this program is to foster a more inclusive and diverse startup ecosystem within the state of Karnataka by providing targeted support to underrepresented communities.",,"The program is open to any individual from Karnataka who:
1. Identifies as belonging to the SC/ST communities.
2. Has a viable technology-based business idea.
3. Is committed to advancing their concept to the Proof of Concept (PoC) stage. Participants are selected through a rigorous process involving an initial application, followed by evaluations and presentations in front of the Idea2PoC committee. 

This process ensures that only the most promising and impactful ideas receive funding and support.",,,,https://www.missionstartupkarnataka.org/elevate-karnataka?en,,,,"Head office address:
Startup Karnataka
Karnataka Innovation and Technology Society(KITS)
Department of Electronics, IT, Bt and S&T
BKG Sapphire, #59, Railway Parallel Road,
Kumara Park West, Bengaluru – 560 020

Write to Us:
startupcell[at]karnataka[dot]gov[dot]in

Startup Karnataka HELPLINE:
080-22231007",startupcell@karnataka.gov.in,8022231007,https://d287f3ceccc71f65c5997d1c29e7ef00.cdn.bubble.io/f1744884999611x714274921580783500/Karnataka.png,,,,"Apr 17, 2025 3:54 pm","Nov 8, 2025 12:57 pm",(App admin),
65.0,1744885999077x343291548633559230,AVGC VENTURE FUND (KITVEN FUND 3),AVGC VENTURE FUND (KITVEN FUND 3),State Government,Karnataka,Equity,"₹50,00,000 - ₹2,00,00,000",Early Stage,,,Active,,Unreserved,"KITVEN Fund-4 (AVGC) is a specialized venture capital fund created by the Department of IT, BT & ST, Government of Karnataka, focusing on the animation, visual effects, gaming, and comics (AVGC) sector. With a corpus of Rs. 20 crores, the fund aims to foster growth and innovation in these creative industries within Karnataka.","1. Fueling Growth in Karnataka's AVGC Sector: This program is designed to provide financial support to Animation, Visual Effects, Gaming, and Comics (AVGC) startups and Small and Medium-sized Enterprises (SMEs) located within Karnataka.
2. Providing Significant Investment Capital: Eligible ventures can receive investments ranging from ₹50 lakhs to ₹2 crores to fuel their growth and development.
3. Flexible Investment Instruments: The program employs various investment tools, including equity, convertible or redeemable preferred capital, and debentures, all while adhering to regulations set forth by the Securities and Exchange Board of India (SEBI).
4. Focusing on Early-Stage Innovation and Scalability: The primary focus is on supporting early-stage startups and SMEs within the digital and creative media space to encourage innovation and facilitate their ability to scale their operations.
5. Long-Term Investment Horizon for Sustainable Growth: The initiative typically has an investment timeframe of three to five years, indicating a commitment to supporting the sustainable growth and development of companies within the AVGC sector over the medium term.",,,"Startups can apply by registering and submitting their application online through the official portal: 
http://www.kitven.in/application-form",,,https://www.missionstartupkarnataka.org/funding?en,,,"1. Emerging Technologies: Artificial Intelligence (AI), Machine Learning (ML), Robotics, Drones, Electric Vehicles (EVs), and MedTech.
2. Sustainable Development Goals (SDGs): Circular Economy, Renewable Energy, Climate Change, and other sustainability-focused innovations.
3. Assistive Technologies: Innovations aimed at improving accessibility and quality of life for differently-abled individuals.
4. Grassroot & Rural Innovations: Bottom-up solutions that address local challenges and improve the socio-economic conditions of rural communities.","The Chief Executive Officer,
Karnataka Asset Management Company Private Limited
Khanija Bhavan, 4th Floor, East Wing, No 49, Race Course Road,
Bangalore – 560 001. India.",info@kitven.in,8022231008,https://d287f3ceccc71f65c5997d1c29e7ef00.cdn.bubble.io/f1744885842585x312661958658940740/Karnataka.png,,,,"Apr 17, 2025 4:03 pm","May 5, 2025 5:57 pm",(App admin),
66.0,1744886347649x249917311793877980,Vriddhi Scheme,Vriddhi Scheme,State Government,Karnataka,Loan,"₹10,00,000",Early Stage,,,Active,,Women,"The ""Vriddhi"" Scheme, initiated by Karnataka Innovation and Technology Society (KITS) in collaboration with Karnataka State Women Development Corporation (KSWDC), is designed to support women entrepreneurs in Karnataka. This scheme provides loan assistance ranging from INR 5 to 10 lakhs at a subsidized interest rate of 4%, repayable in 60 installments.","1. Providing Low-Interest Financial Support for Women Entrepreneurs in Karnataka: This program is specifically designed to support the growth and expansion of businesses in Karnataka that are led by women by offering financial assistance at favorable, low-interest rates.
2. Empowering Women to Scale and Enhance Market Presence: The initiative's core objective is to empower women entrepreneurs to effectively scale their existing businesses and significantly increase their presence and impact within the market.
3. Targeted Loan Purposes for Growth: The financial aid provided through loans is specifically intended for crucial business activities such as the development and commercialization of new products or the strategic expansion of ongoing business operations.
4. Contributing to Karnataka's Broader Economic Advancement: By specifically supporting women-led businesses, this program aims to contribute to the overall economic development and prosperity of the state of Karnataka.",,"1. Should be an entity (Pvt. Ltd/ OPC/ LLP/ Partnership Firms) Registered or Incorporated in Karnataka. (private limited company (as defined in the Companies Act, 2013) or registered as a partnership firm (registered under section 59 of the Partnership Act, 1932) or a limited liability partnership (under the Limited Liability Partnership Act, 2008)
2. Total revenue generated in terms of turnover from the date of incorporation should be less than INR 100 Crore
3. Startups should not have crossed 10 years from the DATE of INCORPORATION/REGISTRATION Certificate as of 17th  April 2023
4. Must be Idea2PoC calls/Elevate (2016-2021)/ Amrita Startups 2021 winners or runners-up
5. The product should be a minimum viable product (MVP) with standard results and information from the competent authority.
6. Must have grown during the last two financial years at an annual rate of up to 20%– either in number of employees or in turnover (billing).
7. At least one director (s) / partner (s) should be a female entrepreneur with substantial shares in the company / office.","One can apply online on the Scheme's website:
missionstartupkarnataka.org/vriddhi-scheme?en",,,https://www.missionstartupkarnataka.org/vriddhi-scheme?en,,,,"Email: startupcell@karnataka.gov.in

Startup Karnataka HELPLINE: 08022231007",elevatewomen2022@gmail.com,8022231007,https://d287f3ceccc71f65c5997d1c29e7ef00.cdn.bubble.io/f1744886014688x739933962769889800/Karnataka.png,,,,"Apr 17, 2025 4:09 pm","May 5, 2025 6:01 pm",(App admin),
67.0,1744892384227x900991428704593900,SEED SUPPORT SCHEME,KERALA STARTUP MISSION-SEED SUPPORT SCHEME,State Government,Kerala,Loan,"₹15,00,000",Seed,,,Active,,Unreserved,"The Government of Kerala, through its Kerala Startup Mission (KSUM), offers a Seed Support scheme to provide financial assistance to innovative, technology-based startups in Kerala. This initiative aims to enhance the state's economy by supporting venture creation, increasing employment, and attracting private investments.","The Seed Support scheme by the Government of Kerala is designed to help nurture and develop startups that are focused on introducing innovative products or technologies. This scheme is crucial for early-stage companies that need financial backing to cover initial costs related to product development, market entry, customer development, and scaling operations. Administered through the Kerala Startup Mission, which serves as the central body for startup-related activities in Kerala, the scheme offers substantial financial assistance to eligible startups.

Key Features of the Seed Fund:
1. Amount and Interest: Startups can receive up to Rs. 15 Lakhs at a subsidized interest rate of 6% per annum.
2. Repayment Terms: There is a 12-month moratorium period after which the loan must be repaid in 24 monthly installments for loans up to Rs. 5 Lakhs, and 36 monthly installments for loans above Rs. 5 Lakhs.
3. Usage: The funds are primarily intended for use in product development, customer development, marketing, and scaling efforts, particularly for businesses that have secured a purchase order.",,"1. Registration Requirement: The startup must be registered in Kerala as an LLP or Pvt. Ltd and possess an active KSUM Unique ID.
2. Compliance Status: Must have DIPP registration and an ‘Active’/ ‘Active Compliant’ status with MCA. Startups with ‘Active Non-compliant’ status may face rejection.
3. Innovation Focus: The startup should be developing an innovative product or technology. Service startups and SMEs in trade and commerce are generally not eligible.
4. Financial Standing: No pending dues with any Government agencies, KSUM, or other incubators in the state; not blacklisted by any government agency in India.
5. Credit Health: The startup director should have a good CIBIL score, preferably above 750.","Submit your application through the official KSUM portal, completing both the Business Profile and Seed Proposal sections.",https://startupmission.kerala.gov.in/file/reports/c798cb44-4678-4dfc-a3d9-5fc39963cceb.pdf?expires=1741086271&signature=85f44fb8a5dbba0ec6ec6155e0b1f606c62800ee1abd4f488f71f9681726f278,,https://startupmission.kerala.gov.in/schemes/seed-fund,,,,"PH NO : 08047180470
(Timings: 08.00 am to 08.00 pm)
Email: info@startupmission.in","info@startupmission.in , ceo@startupmission.in , response@startupmission.in",8047180470,https://d287f3ceccc71f65c5997d1c29e7ef00.cdn.bubble.io/f1744890420437x360940021651522200/kerala.png,,https://www.instagram.com/keralastartupmission/,https://www.youtube.com/@keralastart-upmissionksum331,"Apr 17, 2025 5:49 pm","May 5, 2025 6:02 pm",(App admin),
68.0,1744897074858x525798477467848600,Soft Loan Scheme for Women entrepreneurs,Soft Loan Scheme for Women entrepreneurs,State Government,Kerala,Loan,"₹15,00,000",Seed,,,Active,,Women,The Kerala Startup Mission (KSUM) offers a soft loan scheme specifically designed for women entrepreneurs in Kerala. This scheme provides financial support up to Rs.15 lakhs as working capital for executing projects received from government departments and public sector undertakings within the state.,"KSUM's soft loan scheme aims to empower women-led startups by providing them with the necessary financial assistance to fulfill government contracts and orders. The loan covers up to 80% of the value of a purchase order and is disbursed as an advance against the milestone payments agreed upon by the client. This initiative ensures that women entrepreneurs have access to funds needed to maintain operational cash flow and deliver projects effectively.

Key Features of the Soft Loan Scheme:
1. Loan Amount: Up to Rs. 15 lakhs, limited to 80% of the purchase order value.
2. Interest Rate: The loan carries a simple interest rate of 6%.
3. Repayment Terms: The loan must be repaid within 1 year or upon project completion and full settlement, whichever comes first.
4. Disbursement Conditions: Initial disbursement is made as an advance. Subsequent disbursements are contingent upon the satisfactory completion of project milestones, as certified by the client.
5. Maximum Outstanding: The maximum loan amount outstanding at any point is capped at Rs. 15 lakhs.","1. Women co-founders holding at least 51% stake in the startup.
2. Startups registered in Kerala as Private Limited Company (Pvt. Ltd.) or Limited Liability Partnership (LLP).
3. DPIIT-recognized with an active status with the Ministry of Corporate Affairs (MCA).
4. Registered with KSUM and possess a Unique ID issued by KSUM.
5. No pending dues with any government agencies or KSUM.
6. Client must be a Government Department or Public Sector Undertaking.
7. Director should have a good CIBIL score, preferably above 750.","1. The Startup should be approved by DPIIT and have the Unique ID issued by the Kerala Startup Mission.
2. The women co-founder should have a majority stake in the startup.
The Startup should be registered in Kerala.
3. The client shall be a Government Department or Public Sector Undertaking","1. Register on the KSUM portal.
2. Submit the application with required documents, including the purchase order from the government client.
3. Undergo a screening process by KSUM, including a one-on-one evaluation and initial pitching.
4. Sign an agreement with KSUM and provide a personal guarantee by the women co-founder.
5. Loan disbursal is done in installments based on milestone completion and client certification.",,,https://startupmission.kerala.gov.in/schemes/women/soft-loan,,,,"PH NO : 08047180470
(Timings: 08.00 am to 08.00 pm)
Email: info@startupmission.in",info@startupmission.in,8047180470,https://d287f3ceccc71f65c5997d1c29e7ef00.cdn.bubble.io/f1744892413200x542507663341031940/kerala.png,,,,"Apr 17, 2025 7:07 pm","May 5, 2025 6:04 pm",(App admin),
69.0,1744897354148x318966172486836700,Marketing Support Scheme,Marketing Support Scheme,State Government,Kerala,Subsidy,"₹1,50,000",Early Stage,,,Active,,Unreserved,"The Marketing Support Scheme by Kerala Startup Mission (KSUM) is designed to help startups enhance their marketing efforts by subsidizing the creation of product and explainer videos. The scheme covers 70% of production costs up to a maximum of ₹1.5 lakh for each video, allowing for the creation of up to two videos per startup.","1. This initiative directly addresses a key challenge for early-stage, revenue-generating startups: effectively showcasing their offerings.
2. It provides financial assistance to subsidize the production of professional-quality videos, recognizing the impact of visual communication.
3. These videos serve as crucial tools for startups to clearly present their products, explain their services, and articulate their value proposition to potential customers.
4. High-quality video content also enhances credibility and persuasiveness when engaging with prospective investors, aiding in fundraising efforts.
5. By lowering the financial barrier to professional video production, the initiative aims to significantly improve the market visibility and consumer comprehension of innovative startup solutions.
6. Ultimately, this support empowers startups to create impactful marketing and communication materials, fostering stronger market penetration and customer acquisition.",,"1. The startup must be at the early revenue stage, indicating initial sales and market presence.
2. Eligible startups can avail support for new projects, specifically for video production related to their products or services.
3. The video production must be carried out through an agency that is empaneled by KSUM.
4. Each startup can create a maximum of two videos under this scheme.
5. The application for support must be submitted online through the KSUM portal in advance of the video production.
6. Approval from KSUM is based on the relevance and necessity of the video content for enhancing the startup's marketing efforts.","1. Online Application: Submit your application online to KSUM well in advance before applying for the event. 
2. Evaluation and Approval: KSUM will evaluate and approve the application based on the actual need of the event and the startup's product.",,,https://startupmission.kerala.gov.in/schemes/marketing-support,,,,"PH NO : 08047180470
(Timings: 08.00 am to 08.00 pm)
Email: info@startupmission.in",info@startupmission.in,8047180470,https://d287f3ceccc71f65c5997d1c29e7ef00.cdn.bubble.io/f1744897148958x290999299318136700/kerala.png,,,,"Apr 17, 2025 7:12 pm","May 5, 2025 6:04 pm",(App admin),
70.0,1744897661825x611032390284071000,Innovation Grant,Innovation Grant,State Government,Kerala,Grant,"Upto ₹15,00,000",Idea stage to POC,,,Active,,Youth,"The Government of Kerala has established the Innovation Grant scheme to financially support startups at various stages of development. Administered by the Kerala Startup Mission (KSUM), this scheme aims to assist innovators in transforming their ideas into market-ready products and ventures by providing grants tailored to different development phases.","The Innovation Grant caters to various stages of startup development through specific grants:
1. Idea Grant: Offers up to ₹3 lakhs for startups in the ideation to minimum viable prototype stage.
2. Idea Grant (Student Innovator): Provides up to ₹2 lakhs for student innovators to develop viable prototypes.
3. Productization Grant: Aids in transforming prototypes into final products with a grant of up to ₹7 lakhs.
4. Women/Transgender Productization Grant: Provides an additional grant of up to ₹12 lakhs for women or transgender-led startups for product development.
5. Market Acceleration Grant: Supports startups aiming to accelerate their market presence with up to ₹10 lakhs.
6. Scale-up Grant: Offers up to ₹15 lakhs for startups focusing on scaling operations and maximizing revenue.

These grants are designed to support the various needs of innovators from the ideation phase through to scaling their business.",,,"1. Online Application: Submit your application through the official KSUM website. 
2. Application Components: Ensure that your application includes all required documents and information.",,,https://startupmission.kerala.gov.in/schemes/innovation-grant,,,,"PH NO : 08047180470
(Timings: 08.00 am to 08.00 pm)
Email: info@startupmission.in",info@startupmission.in,8047180470,https://d287f3ceccc71f65c5997d1c29e7ef00.cdn.bubble.io/f1744897477156x858173328904704000/kerala.png,,,,"Apr 17, 2025 7:17 pm","Nov 8, 2025 1:00 pm",(App admin),
71.0,1744949712098x692017083470274200,Rent Subsidy,Rent Subsidy,State Government,Kerala,Reimbursement,Not specified,Scale up Stage,,,Active,,Unreserved,The Kerala Startup Mission (KSUM) offers a Rent Subsidy scheme to support product startups in the scale-up phase by reimbursing part of their rental costs. This financial aid is designed to help high-performing startups afford space in Government parks or locations owned or leased by Government agencies.,"Under the Rent Subsidy scheme, KSUM provides a reimbursement of up to 50% of the rent or ₹20 per square foot, whichever is lower, to eligible startups. This subsidy aims to lessen the financial burden on startups during their scale-up stage, enabling them to invest more resources into growth and development. The subsidy is granted based on the startup's performance, particularly their year-on-year revenue growth. It is available for a maximum period of three years, during which the startup must continue to meet all regulatory compliances and demonstrate significant progress.

Benefits:
1. Financial Relief: Startups receive substantial financial relief on rental expenses, which can significantly lower operational costs.
2. Growth Support: The subsidy is designed to support startups that show promising growth, particularly those demonstrating a yearly revenue increase of at least 50%.
3. Long-term Aid: The subsidy support can extend up to three years, providing long-term relief and stability for growing startups.",,"1. Startup Stage: Only product startups at the scale-up stage are eligible.
2. Registration Requirements: Startups must be registered and have DIPP startup registration to qualify for rent subsidy.
3. Operational Location: The company must be operational in Kerala, with at least 70% of its employees having Kerala domicile.
4. Employee Count: The startup must have a minimum of 10 employees, with at least 70% being from Kerala.
5. Financial Thresholds: The company should have an annual revenue of at least ₹50 Lakhs or have received equity funding of at least ₹150 Lakhs from external sources.
6. Space Limits: The maximum area eligible for rent subsidy is the lesser of 10,000 sq. ft or 70 sq. ft per employee.
7. Location: The rent subsidy is applicable only to spaces in Government Parks or locations owned or leased by Government agencies that are not already receiving subsidies.
8. Compliance and Dues: Companies must be in good standing with no outstanding dues against any Government agencies to be eligible for the subsidy.","1. Online Application: Submit your application through the KSUM portal.
2. Document Submission: Upload digital copies of required documents and send the originals to KSUM via courier or submit them at any KSUM location.
3. Evaluation: Participate in a one-on-one call with the KSUM team for initial evaluation.
4. Disbursement: Upon confirmation of document completeness, disbursement will be processed.",,,https://startupmission.kerala.gov.in/schemes/rent-subsidy,,,,"PH NO : 08047180470
(Timings: 08.00 am to 08.00 pm)
Email: info@startupmission.in",info@startupmission.in,8047180470,https://d287f3ceccc71f65c5997d1c29e7ef00.cdn.bubble.io/f1744949508035x825034443151025900/kerala.png,,,,"Apr 18, 2025 9:45 am","May 5, 2025 6:07 pm",(App admin),
72.0,1744950344338x433524521488382100,Seed fund for women entrepreneurs,Seed fund for women entrepreneurs,State Government,Kerala,Loan,"Upto ₹15,00,000",Seed,,,Active,,Women,"The Government of Kerala, through the Kerala Startup Mission (KSUM), has tailored the Seed Support scheme specifically for women entrepreneurs, offering a seed fund of ₹15 Lakhs with a two-year moratorium on repayments. This initiative is designed to foster the development of innovative, technology-based startups led by women, contributing to Kerala's economic growth and increased employment.","1. The Seed Support scheme specifically targets women-led startups, recognizing their unique challenges in the initial phases of business development.
2. It offers significant financial backing in the form of a seed fund to enable these ventures to effectively scale their early operations.
3. A key feature of the program is the extended repayment moratorium period, now two years instead of one, providing crucial financial breathing room for young companies.
4. This extended moratorium allows women entrepreneurs to dedicate their resources and efforts towards critical activities like product refinement and market penetration.
5. By providing this tailored financial support and flexibility, the initiative actively promotes gender inclusivity within Kerala's burgeoning startup ecosystem.
6. Ultimately, the Seed Support scheme aims to empower women entrepreneurs to innovate, grow sustainable businesses, and contribute significantly to Kerala's technological and economic advancement.",,"1. Majority Ownership: The startup must have a woman co-founder with a majority stake.
2. Registration Requirements: Must be registered as an LLP or Pvt. Ltd in Kerala and have an active registration with KSUM.
3. Compliance with Regulations: Must possess DIPP registration and an ‘Active’ or ‘Active Compliant’ status with MCA. Non-compliance may lead to disqualification.
4. Innovation Focus: The startup should be developing an innovative product or technology, with service startups generally excluded.
5. Financial Health: Should have no outstanding dues with any government entities or incubators in Kerala and must not be blacklisted.
6. Credit Score: The director of the startup should have a good CIBIL score, preferably above 750.","1. Online Application: Submit your application through the KSUM portal.
2. Document Submission: Upload the required documents and ensure all forms are complete, as incomplete applications will be rejected",,,https://startupmission.kerala.gov.in/schemes/women/seed-fund,,,,"PH NO : 08047180470
(Timings: 08.00 am to 08.00 pm)
Email: info@startupmission.in",info@startupmission.in,8047180470,https://d287f3ceccc71f65c5997d1c29e7ef00.cdn.bubble.io/f1744950188633x204059873840230850/kerala.png,,,,"Apr 18, 2025 9:55 am","May 5, 2025 6:08 pm",(App admin),
73.0,1744950575986x936919284994962800,Soft Loan against PO for Women Entrepreneurs,Soft Loan against PO for Women Entrepreneurs,State Government,Kerala,Loan,"Upto ₹15,00,000",Seed,,,Active,,Women,"The Government of Kerala offers a Soft Loan scheme for women entrepreneurs to assist in fulfilling purchase orders from government departments or public sector undertakings. This scheme provides loans up to 80% of the purchase order value, capped at ₹15 lakhs, with a simple interest rate of 6% per annum. The loan serves as an advance against milestone payments agreed upon with the client, needing repayment within one year or upon project completion, whichever comes first.","This soft loan initiative is part of Kerala's commitment to supporting women-led startups by providing timely financial assistance to execute significant purchase orders. The loan amount is directly tied to the value of the government or PSU purchase order, ensuring that entrepreneurs have the necessary funds to cover upfront costs associated with large projects. By limiting the loan repayment to a short term of one year or the project's completion time, the scheme also reduces the financial burden on startups, enabling quicker turnover and less accumulated interest. This financial support is crucial for maintaining cash flow and operational stability as startups work to deliver on significant contracts.

Loan Details:
1. Loan Amount: Up to 80% of the purchase order value, limited to ₹15 lakhs.
2. Interest Rate: 6% per annum on a simple interest basis.
3. Repayment Period: Within 1 year or upon completion of the project, whichever is earlier.
4. Disbursement: Initial advance against the purchase order, with subsequent disbursements contingent upon satisfactory milestone completion as certified by the client.",,"1. Majority Ownership: The startup must have a woman co-founder with a majority stake.
2. Company Registration: Must be registered as an LLP or Pvt. Ltd in Kerala and have an active registration with Kerala Startup Mission (KSUM).
3. Compliance Status: Must have DIPP registration and an ‘Active’ or ‘Active Compliant’ status with the Ministry of Corporate Affairs (MCA). Non-compliance may lead to disqualification.
4. Financial Health: No pending dues with any government entities, incubators in Kerala, or blacklisting by any government agency.
5. Credit Score: The director of the startup should have a good CIBIL score, preferably above 750.
6. Client Profile: The client issuing the purchase order must be a government department or public sector undertaking.","1. Online Application: Submit your application through the KSUM portal.
2. Document Submission: Upload the required documents, including a copy of the purchase order received from a Government Department or Public Sector Undertaking.",,,https://startupmission.kerala.gov.in/schemes/women/po-soft-loan,,,,"PH NO : 08047180470
(Timings: 08.00 am to 08.00 pm)
Email: info@startupmission.in",info@startupmission.in,8047180470,https://d287f3ceccc71f65c5997d1c29e7ef00.cdn.bubble.io/f1744950388295x932568791853310100/kerala.png,,,,"Apr 18, 2025 9:59 am","May 5, 2025 6:30 pm",(App admin),
74.0,1744950763179x708155660651841500,Technology Transfer & Commercialization Support Scheme,Technology Transfer & Commercialization Support Scheme,State Government,Kerala,Reimbursement,"Upto ₹10,00,000",Early Stage,,,Active,,Unreserved,"The Kerala Government's Technology Transfer & Commercialization Support Scheme, facilitated by Kerala Startup Mission (KSUM), aims to boost the commercialization of technologies developed within governmental research institutions. The scheme offers financial support up to ₹10 Lakhs, covering 90% of the fees paid by startups for technology licenses acquired from any government research institution in India. This support is designed to help transform these technologies into market-ready products.","1. This initiative aims to bridge the gap between government research institutions and the startup ecosystem by incentivizing the adoption of publicly developed technologies.
2. Startups that acquire a technology license from these institutions are eligible for significant financial reimbursement to support the subsequent development and commercialization processes.
3. This reimbursement model encourages startups to actively leverage existing research, fostering innovation and reducing the initial R&D burden.
4. In return for this financial backing, Kerala Startup Mission (KSUM) will receive a 2% royalty on the sales of the resulting commercialized product, with the total royalty capped at the initial support amount.
5. Startups are provided with a two-year window to successfully bring their product to market, creating a clear timeline for commercialization efforts.
6. Failure to achieve commercialization within this timeframe necessitates repayment of the support, ensuring responsible utilization of the funds and a focus on tangible outcomes that benefit the broader economic and technological landscape.

Financial Support Details:
1. Maximum Support: ₹10 Lakhs, subject to a limit of covering 90% of the technology license fee paid to the research entity.
2. Royalty to KSUM: 2% of the revenue from the commercialized product, capped at the amount of funding received.
3. Commercialization Timeline: Product must be commercialized within 2 years of receiving support.",,"1. Registration Requirement: The startup must be registered in Kerala as an LLP or Pvt. Ltd. company and maintain an active registration with KSUM.
2. Compliance Status: Must have DIPP registration and an 'Active' or 'Active Compliant' status with the Ministry of Corporate Affairs (MCA).
3. Financial Compliance: The startup should not have any pending dues with government agencies, KSUM, or other incubators in the state and must not be blacklisted by any government agency in India.
4. Ownership: The technology license purchased must be owned by the startup or as stipulated by the research agency.","1. Online Application: Submit your application through the official KSUM portal.
2. Document Submission: After online submission, send the required documents in hard copies to KSUM.",,,https://startupmission.kerala.gov.in/schemes/technology-commercialisation,,,,"PH NO : 08047180470
(Timings: 08.00 am to 08.00 pm)
Email: info@startupmission.in",info@startupmission.in,8047180470,https://d287f3ceccc71f65c5997d1c29e7ef00.cdn.bubble.io/f1744950594059x530888732668877100/kerala.png,,,,"Apr 18, 2025 10:02 am","May 5, 2025 6:31 pm",(App admin),
75.0,1744951090357x382723928848579800,R & D Grant,R & D Grant,State Government,Kerala,Grant,"Upto ₹30,00,000",Early Stage,,,Active,,Unreserved,The R&D Grant is designed to support hardware startups that are heavily engaged in research and development activities. This grant offers up to ₹30 Lakh to each qualifying startup. The evaluation and recommendation for potential recipients occur during quarterly reviews.,"1. This targeted grant specifically supports hardware startups that are deeply involved in the research and development of innovative physical products.
2. Eligibility requires startups to possess a functional prototype and be actively incubated within a recognized state-approved incubator.
3. The application demands a comprehensive business plan detailing fund allocation, with a clear emphasis on hardware development (minimum 50%) and a cap on marketing spend (maximum 20%).
4. Notably, the grant explicitly restricts the use of funds for manpower or hiring-related expenses, focusing the support on tangible product advancement.
5. Startups demonstrating intellectual property protection through granted patents or those actively in the scaling-up phase of their product lifecycle are given priority during the selection process.
6. This preference underscores the grant's primary objective: to accelerate innovation and foster significant technological progress within the hardware industry.",,"1. Product Stage: Must have a working prototype of their hardware product.
2. Incubation: Must be a member of at least one approved incubator in the state.
3. Fund Allocation: At least 50% of the grant must be used for hardware expenses, and no more than 20% can be allocated to marketing.
4. Use of Funds: Cannot use the grant for manpower or hiring costs.
5. Additional Preferences: Preference is given to startups that have secured patents or are in the process of scaling up their products.

This grant is particularly useful for startups at a critical juncture of product development, providing them with the financial support needed to bridge the gap between prototype and market-ready product, while encouraging a focus on substantial technological contributions.","Submit a detailed business plan on the Official Website, outlining the intended use of funds, with at least 50% allocated to hardware and no more than 20% to marketing expenses.",,,https://startupmission.kerala.gov.in/schemes/rd-grant,,,,"PH NO : 08047180470
(Timings: 08.00 am to 08.00 pm)
Email: info@startupmission.in",info@startupmission.in,8047180470,https://d287f3ceccc71f65c5997d1c29e7ef00.cdn.bubble.io/f1744950791723x984749525018481300/kerala.png,,,,"Apr 18, 2025 10:08 am","May 5, 2025 6:32 pm",(App admin),
76.0,1744951231265x102972706422439710,KERALA STATE INDUSTRIAL DEVELOPMENT CORPORATION LIMITED (KSIDC),KERALA STATE INDUSTRIAL DEVELOPMENT CORPORATION LIMITED (KSIDC),State Government,Kerala,Loan,Not specified,Not specified,,,Active,,Unreserved,"Kerala State Industrial Development Corporation Limited (KSIDC) is the principal agency of the Government of Kerala aimed at promoting industrial growth across the state. It supports a broad range of enterprises from startups to large-scale businesses, facilitating financial assistance, professional guidance, and regulatory ease.","1. The Kerala State Industrial Development Corporation (KSIDC) is dedicated to driving Kerala's economic and industrial progress across various sectors.
2. KSIDC provides holistic support to businesses, encompassing crucial seed funding for early-stage ventures.
3. A significant aspect of their assistance involves expert guidance in navigating complex bureaucratic procedures and regulatory landscapes.
4. Businesses also gain access to KSIDC's extensive network of valuable business resources and connections.
5. Their strategic focus spans key industries including manufacturing, technology, infrastructure, tourism, and renewable energy, aiming for broad economic impact.
6. By streamlining business setup and expansion through assistance with approvals and clearances, KSIDC fosters a conducive environment for industrial growth, innovation, job creation, and overall regional economic advancement in Kerala.",,,"1. Online Application: Visit the official KSIDC website and navigate to the relevant scheme or service page.
2. Download Forms: Obtain the necessary application forms, such as the Loan Application Form, and complete them as per the guidelines provided.",,,https://www.ksidc.org/,,,,"Address:
Ksidc Ltd.
T.C. XI/266, Keston Road, Kowdiar,
Thiruvananthapuram-695 003
Ph: 0471-2318922 (EPABX)
Fax: 0471-2315893
Email: enquiry@ksidcmail.org",enquiry@ksidcmail.org,4712318922,https://d287f3ceccc71f65c5997d1c29e7ef00.cdn.bubble.io/f1745926725818x377921247325749840/ksidc.jpg,,,https://www.youtube.com/channel/UCzqIhALXTULj_e-V72uFCkg,"Apr 18, 2025 10:10 am","May 5, 2025 6:33 pm",(App admin),
77.0,1744956465058x964612789010281600,Financial Assistance - Madhya Pradesh Startups,Financial Assistance - Madhya Pradesh Startups,State Government,Madhya Pradesh,,Not Specified,Seed,,,Not specified,,"Women , Youth","The government policy provides multifaceted financial support to startups and incubators in Madhya Pradesh to encourage investment, innovation, and growth. Assistance includes funding on received investments, event organization, incubation upgradation, lease rental, and patent registration, with special incentives for women-led startups.","1. Investment Assistance: Startups with investments from SEBI/RBI recognized financial institutions can receive 15% of each investment as assistance, up to Rs. 15 lakh per stage, for a maximum of four stages.
2. Special Incentives for Women-Led Startups: An additional 20% assistance is provided to startups founded by women to encourage female entrepreneurship.
3. Lease Rental Assistance: Startups and product-based businesses in designated areas can avail of 50% off on lease rentals, up to Rs. 5000 per month for three years.
4. Patent Assistance: Offers up to Rs. 5 lakh for patent acquisition if the startup is based in the state and the patent is successfully registered.",,,"1. Online Application: Visit the official KSIDC website and navigate to the relevant scheme or service page.
2. Download Forms: Obtain the necessary application forms, such as the Loan Application Form, and complete them as per the guidelines provided.",,,https://startup.mp.gov.in/services/view/MlJwREl3b1A5U2VwVEcvRDRRNnJOdz09,https://www.startupindia.gov.in/content/sih/en/state-startup-policies/Madhya-Pradesh-state-policy.html,,,"Address:
First Floor GTB Complex, 
Infront of Bank of Maharashtra, 
Roshanpura Square,
Bhopal (M.P) 462004, 
Madhya Pradesh
 
Phone: ‎+91 755 35 24017
Email: startup-centre@mp.gov.in",startup-centre@mp.gov.in,7553524017,https://d287f3ceccc71f65c5997d1c29e7ef00.cdn.bubble.io/f1744954286669x365601821356371650/madhya%20pradesh.jpg,,,,"Apr 18, 2025 11:37 am","Nov 8, 2025 1:05 pm",(App admin),
78.0,1745584133988x261867696707600400,Special Financial Assistance For Product Based Startups,Special Financial Assistance For Product Based Startups,State Government,Madhya Pradesh,Not specified,Not specified,Early Stage,,,Not specified,,Youth,"The government of Madhya Pradesh has introduced a special financial assistance scheme aimed at supporting startups by providing several incentives. These include a concurrent license or consent facility for one year, usage rights for specific MSME Technology Centre machinery in Bhopal and Indore, reimbursement of training expenses for skilled workers, and substantial employment generation assistance. Additionally, there are significant benefits like exemption from electricity duty and a concession in electricity tariff rates for eligible new units.","1. Concurrent License/Consent Facility: Available for one year to facilitate quick operational setup for startups.
2. MSME Technology Centre Access: Startups can use required machinery in Bhopal and Indore centers.
3. Training Expenditure Reimbursement: Up to ₹13,000 per year for three years for skill development of up to 25 employees who are residents of Madhya Pradesh.
4. Employment Generation Assistance: Provides ₹5,000 per month per employee for up to 25 new employees, for a maximum of 3 years within a 5-year period from commercial production start. Employment of Madhya Pradesh natives must increase from 50% in the first year to 90% by the third year to maintain eligibility.

Electricity Benefits:
1. Exemption from Electricity Duty: New units enjoy this for the first 3 years.
2. Concession in Electricity Tariff: Fixed rate of ₹5 per unit for the first 3 years from commercial production start.

This assistance scheme reduces operational costs and encourages local hiring, which can be a significant advantage for startups looking to establish and expand their operations in Madhya Pradesh. Ensure compliance with the employment criteria to fully benefit from this program.",,,"1. Online Application: Visit the Startup MP portal and navigate to the relevant scheme or service page.
2. Registration: Register your startup by providing necessary details and documentation.",,,https://startup.mp.gov.in/support,https://www.startupindia.gov.in/content/sih/en/state-startup-policies/Madhya-Pradesh-state-policy.html,,,"Address:
First Floor GTB Complex, 
Infront of Bank of Maharashtra, 
Roshanpura Square,
Bhopal (M.P) 462004, 
Madhya Pradesh

Phone : ‎+91 755 35 24017
Email : startup-centre@mp.gov.in",startup-centre@mp.gov.in,7553524017,https://d287f3ceccc71f65c5997d1c29e7ef00.cdn.bubble.io/f1745583883938x992406595885129600/madhya%20pradesh.jpg,,,,"Apr 25, 2025 5:58 pm","Nov 8, 2025 1:06 pm",[],
79.0,1745585896880x324588587611324400,Maharashtra Defense and Aerospace Venture Fund,Maharashtra Defense and Aerospace Venture Fund,State Government,Maharashtra,"Grant , Loan","Upto ₹1,00,00,000",Early Stage,,,Active,,Unreserved,"The Maharashtra Defense and Aerospace Venture Fund invests in innovative and scalable defense and aerospace companies based in Maharashtra. Managed by IDBI Capital Market & Securities Limited and governed by SEBI, it offers financial support through equity, convertible instruments, and debentures to drive growth in strategically important sectors.","1. This fund offers a dedicated financial avenue for founders whose companies specialize in products or services for the high-growth defense and aerospace sectors.
2. It strategically targets companies demonstrating strong technological innovation and a well-defined, scalable business model, backed by a capable management team.
3. A key priority is supporting ventures with significant and demonstrable revenue potential specifically within the defense and aerospace markets.
4. The fund also emphasizes a commitment to ethical business conduct and the implementation of sustainable long-term growth strategies.
5. To be eligible for investment, your company must be officially registered in the state of Maharashtra or present a clear plan for expansion into the region.
6. Furthermore, qualifying companies must meet the established criteria for Micro, Small, and Medium Enterprises (MSMEs) and the Startup India initiative.",,,"1. Complete the Application Form: Fill out the application form available on the fund's webpage.
2. Submit the Form: Email the completed form to mdavf@idbicapital.com.",,,https://idbicapital.com/aif/Maharashtra-Defence-and-Aerospace-Venture-Fund.html,,,,"Contact Address:
IDBI Capital Markets & Securities Ltd
6th Floor, IDBI TOWER, World Trade Centre, Cuffe Parade, Mumbai 400 005.

General Enquiries:
mitdf@idbicapital.com
mdavf@idbicapital.com
brbascst@idbicapital.com

Tel: +91 - 222217 1700","mitdf@idbicapital.com , brbascst@idbicapital.com , mdavf@idbicapital.com",2222171700,https://d287f3ceccc71f65c5997d1c29e7ef00.cdn.bubble.io/f1745926971392x748241033116992000/maharastra.jpg,,,https://www.youtube.com/@maharashtradefenceandaeros6322,"Apr 25, 2025 6:28 pm","May 5, 2025 6:38 pm",[],
80.0,1745586263639x671404348826976300,Maharashtra Innovation and Technological Development Fund,Maharashtra Innovation and Technological Development Fund,State Government,Maharashtra,"Grant , Loan","Upto ₹1,00,00,000",Early Stage,,,Active,,Youth,"The Maharashtra Innovation and Technological Development Fund (MITDF) is a venture capital fund dedicated to supporting innovative startups and MSMEs in Maharashtra. It focuses on companies that offer scalable and impactful solutions across various sectors such as healthcare, agriculture, fintech, and clean energy. The fund prioritizes businesses that are incorporated in Maharashtra and meet the Startup India criteria, with a special focus on promoting women entrepreneurship.","1. The Maharashtra Industrial and Technological Development Fund (MITDF) focuses on investing in early-stage companies within Maharashtra that exhibit substantial potential for wealth and job creation within the state.
2. MITDF seeks out companies characterized by well-defined and scalable business models, capable and experienced management teams, and a strong emphasis on innovation, particularly those leveraging intellectual property.
3. A fundamental eligibility criterion is that the company must be incorporated in Maharashtra and demonstrate a clear pathway to contributing to the state's overall economic advancement.
4. The fund has the capacity to invest significantly in selected companies, with a limit of up to ₹10 Crore or 10% of its total committed capital per investment round.
5. MITDF strategically prioritizes investments in sectors identified as critical for growth by the Government of Maharashtra, aligning its funding with state-level economic objectives.
6. Additionally, the fund has a specific secondary focus on promoting and enhancing women's entrepreneurship across these prioritized industries within Maharashtra.",,,"1. Complete the Application Form: Fill out the application form available on the MITDF webpage.
2. Email Submission: Send the completed form to mitdf@idbicapital.com.",,,https://idbicapital.com/aif/Maharashtra-Innovation-And-Technological-Development-Fund.html,,,,"Contact Address:
IDBI Capital Markets & Securities Ltd
6th Floor, IDBI TOWER, World Trade Centre, Cuffe Parade, Mumbai 400 005.

General Enquiries:
mdavf@idbicapital.com
brbascst@idbicapital.com

Tel: +91 - 222217 1700",mitdf@idbicapital.com,2222171701,https://d287f3ceccc71f65c5997d1c29e7ef00.cdn.bubble.io/f1745927130068x934232530335342200/maharastra.jpg,,,,"Apr 25, 2025 6:34 pm","Nov 8, 2025 1:22 pm",[],
81.0,1745586566675x577266348264259600,Bharat Ratna Dr. Babasaheb Ambedkar Investment Fund for SC/ST,Bharat Ratna Dr. Babasaheb Ambedkar Investment Fund for SC/ST,State Government,Maharashtra,"Grant , Loan","Upto ₹1,00,00,000",Early Stage,,,Active,,SC/ST,"In commemoration of Dr. Babasaheb Ambedkar's 125th birth anniversary, the Maharashtra government has launched a new policy aimed at empowering SC and ST entrepreneurs. This includes the establishment of an Investment Fund designed to finance sustainable enterprises wholly owned by SC and ST entrepreneurs. The fund will invest in both debt and equity securities across various sectors, excluding those involved in industries like alcohol, tobacco, and others prohibited by the government.","The new policy introduced by the Maharashtra government focuses on supporting SC and ST entrepreneurs through financial investments into their fully owned businesses, enhancing self-sufficiency and economic independence. This policy facilitates investments through:
a) Eligibility Criteria:
i. Enterprises must be either Private Limited or Public Limited Companies.
ii. 100% of the controlling stake must be held by SC/ST promoters and directors.
iii. Businesses must comply with the definitions of a start-up or MSME as per government norms.

b)Sector Coverage:
i. The fund is sector-agnostic but prioritizes sectors like healthcare, renewable energy, IT, and more.
ii. It explicitly excludes investment in sectors like alcohol, tobacco, real estate, and others banned by the government.

c)Investment Instruments: Investments will be made using a variety of instruments, including equity, convertible instruments, and debentures.

d) Additional Requirements:
i. Entrepreneurs must be domiciled in Maharashtra with valid caste certificates.
ii. Businesses should ensure a minimum of 20% capital investment by the original shareholders or other investors.
iii. Strong governance, innovation potential, and a capable management team are critical evaluation metrics.

This initiative aims to nurture high-potential SC/ST owned enterprises, fostering innovation and substantial economic contributions within the state of Maharashtra.",,,"1. Complete the Preliminary Application Form: Fill out the form available on the fund's webpage.
2. Submit the Form: Email the completed form to brbascst@idbicapital.com.",,,https://idbicapital.com/aif/Babasaheb-Ambedkar-Investment-Fund.html,,,,"Contact Address:
IDBI Capital Markets & Securities Ltd
6th Floor, IDBI TOWER, World Trade Centre, Cuffe Parade, Mumbai 400 005.

General Enquiries:
mdavf@idbicapital.com
brbascst@idbicapital.com

Tel: +91 - 2222171700",mdavf@idbicapital.com,2222171701,https://d287f3ceccc71f65c5997d1c29e7ef00.cdn.bubble.io/f1745927150330x387974027850667140/maharastra.jpg,,,,"Apr 25, 2025 6:39 pm","May 5, 2025 6:43 pm",[],
82.0,1745587169970x475347485438246900,Startup Odisha monthly allowance scheme,Startup Odisha monthly allowance scheme,State Government,Odisha,Grant,"Upto ₹22,000",Seed,,,Active,,"Women , SC/ST , Differently Abled , Backward Class",This scheme provides a monthly allowance directly to recognized startups to support their initial operational costs. Payments are made for the first three months and may continue based on the submission of utilization reports. The startup must submit a final utilization report after one year to demonstrate how the funds were used. This scheme aims to reduce financial barriers for emerging startups.,"Allowance Amount: Rs. 20,000 monthly, increased to Rs. 22,000 for startups with founders/co-founders who are women, transgender, or from social categories such as SC/ST/SEBC/PH with at least 50% equity.

Eligibility:
1. Equity financing of Rs. 5 lakh to Rs. 1 crore from SEBI registered funds or angel networks.
2. A patent filed and published in the name of the entity.
3. Sanction of funding/grant by any government.
4. Revenue run rate of Rs. 50 thousand to Rs. 10 lakh per month over the last three months.

Duration: One year.",,,Submit your application through the Startup Registration Form on the official Startup Odisha portal.,,,https://startupodisha.gov.in/startup-incentives/,https://www.startupindia.gov.in/content/sih/en/state-startup-policies/Odisha-state-policy.html,,,"Address:
2nd Floor, Tower-A, Odisha Startup Incubation Centre (O-HUB), SEZ Road, CHANDAKA, Pincode-751024, BHUBANESWAR

Contact No: 06742586176

Visiting Day:
Monday to Saturday (on working days)

Visiting Hours:
10.30 AM – 5.00 PM",startup.odisha@gov.in,18003457100,https://d287f3ceccc71f65c5997d1c29e7ef00.cdn.bubble.io/f1745586941367x711359800491406000/odisha.png,,,,"Apr 25, 2025 6:49 pm","May 5, 2025 6:55 pm",[],
83.0,1745587466747x829288225912389600,Product Development and Marketing/ Publicity assistance,Product Development and Marketing/ Publicity assistance,State Government,Odisha,Grant,"Upto ₹16,00,000",Seed,,,Active,,"Women , SC/ST , Backward Class , Differently Abled","Startups can receive funding to aid in the development and marketing of innovative products. Eligibility is based on securing equity financing, government grants, or achieving a certain revenue run rate. The scheme offers 50% advance payment with the balance provided upon successful reporting of initial fund utilization, encouraging startups to aggressively develop and market new products.","Assistance Amount: Up to Rs. 15 lakh, increased to Rs. 16 lakh for startups with founders/co-founders who are women, transgender, or from social categories such as SC/ST/SEBC/PH with at least 50% equity.

Eligibility:
1. Equity financing of at least Rs. 25 lakh from SEBI registered funds or angel networks.
2. Sanction Letter of funding/grant of at least Rs. 5 lakh from any government.
3. Revenue run rate of Rs. 2.5 lakh per month over the last six months.
4. Purpose: For the introduction of innovative products in the market.",,,Submit your application through the Startup Registration Form on the official Startup Odisha portal.,,,https://startupodisha.gov.in/startup-incentives/,https://www.startupindia.gov.in/content/sih/en/state-startup-policies/Odisha-state-policy.html,,,"Address:
2nd Floor, Tower-A, Odisha Startup Incubation Centre (O-HUB), SEZ Road, CHANDAKA, Pincode-751024, BHUBANESWAR

Contact No: 06742586176

Visiting Day:
Monday to Saturday (on working days)

Visiting Hours:
10.30 AM – 5.00 PM",startup.odisha@gov.in,18013457100,https://d287f3ceccc71f65c5997d1c29e7ef00.cdn.bubble.io/f1745587461185x119315368493654100/odisha.png,,https://www.instagram.com/startup_odisha/,https://www.youtube.com/@startupodisha6414,"Apr 25, 2025 6:54 pm","May 5, 2025 6:56 pm",[],
84.0,1745587943621x806783203171106800,Need based assistance - Startup Odisha,Need based assistance - Startup Odisha,State Government,Odisha,Not specified,Not Specified,Not specified,,,Active,,"Women , SC/ST , Backward Class , Differently Abled , Youth","This assistance addresses startups' unique needs for materials or equipment essential for innovation. Applications are evaluated on a case-by-case basis, with approvals given by the Startup Council. This targeted support helps overcome obstacles in the innovation process, particularly in product improvement or development.","The Startup Odisha Initiative offers a comprehensive support framework to foster innovation and entrepreneurship in the state. Recognized startups can avail themselves of various financial incentives, including:
1. Monthly Allowance: A stipend of ₹20,000 per month (₹22,000 for women, transgender individuals, and those from SC/ST/SEBC/PH categories with at least 50% equity) for one year, provided the startup meets specific criteria such as equity financing, government grants, or a revenue run rate of ₹2.5 lakh per month over the last six months. 
2. Product Development and Marketing Assistance: Up to ₹16 lakh for startups led by women, transgender individuals, or those from underrepresented social categories, contingent upon at least 50% equity ownership by the eligible individual. 
3. Subsidized Incubation: 50% subsidy on monthly rental of incubation space (up to ₹5,000) for a maximum of one year, available to startups incubated at recognized facilities. 
4. Event Participation Support: Financial assistance for attending national and international events, covering economy class airfare or 3-tier AC train fare and free stall space provided by the state government. 
5. Need-Based Assistance: Financial support for raw materials, components, and equipment essential for new product development or existing product improvement, subject to approval by the Startup Council.",,,Submit your application through the Startup Registration Form on the official Startup Odisha portal.,,,https://startupodisha.gov.in/startup-incentives/,https://www.startupindia.gov.in/content/sih/en/state-startup-policies/Odisha-state-policy.html,,,"Address:
2nd Floor, Tower-A, Odisha Startup Incubation Centre (O-HUB), SEZ Road, CHANDAKA, Pincode-751024, BHUBANESWAR

Contact No: 06742586176

Visiting Day:
Monday to Saturday (on working days)

Visiting Hours:
10.30 AM – 5.00 PM",startup.odisha@gov.in,18023457100,https://d287f3ceccc71f65c5997d1c29e7ef00.cdn.bubble.io/f1745588908762x329731769225194440/odisha.png,,,,"Apr 25, 2025 7:02 pm","Nov 8, 2025 1:23 pm",[],
85.0,1745588587154x892700331309269000,Financial Assistance - Startup Odisha,Financial Assistance - Startup Odisha,State Government,Odisha,Grant,"Upto ₹5,000",Seed,,,Active,,Youth,"Financial assistance covers travel and event participation costs, promoting state representation at national and international levels. Additionally, recognized startups can receive a subsidy of 50% of the rent for incubation spaces, up to Rs. 5,000 monthly for one year. This dual support helps startups gain visibility and access valuable network resources while reducing the financial burden of workspace costs.","1. Providing Rental Assistance for Incubated Startups: This initiative offers a subsidy to reduce the financial burden of monthly rental costs for eligible startups.
2. Defined Subsidy Amount: The subsidy covers 50% of the monthly rental expenses, with a capped maximum benefit of Rs. 5000 per month.
3. Limited Duration of Support: This rental subsidy is provided for a maximum period of one year.
4. Targeting Startups within the Odisha Ecosystem: The eligibility for this program is specifically limited to startups that are currently undergoing incubation at incubators recognized under the Startup Odisha Initiative.",,,Submit your application through the Startup Registration Form on the official Startup Odisha portal.,,,https://startupodisha.gov.in/startup-incentives/,https://www.startupindia.gov.in/content/sih/en/state-startup-policies/Odisha-state-policy.html,,,"Address:
2nd Floor, Tower-A, 
Odisha Startup Incubation Centre (O-HUB), 
SEZ Road, CHANDAKA, Pincode-751024, 
BHUBANESWAR

Contact No: 06742586176

Visiting Day:
Monday to Saturday (on working days)

Visiting Hours:
10.30 AM – 5.00 PM",startup.odisha@gov.in,18033457100,https://d287f3ceccc71f65c5997d1c29e7ef00.cdn.bubble.io/f1745588786053x115934720556470910/odisha.png,,,,"Apr 25, 2025 7:13 pm","Nov 8, 2025 1:31 pm",[],
86.0,1745646479435x806708395882840000,Ideation Grant for Pre-Seed Stage Startups,Ideation Grant for Pre-Seed Stage Startups,State Government,Rajasthan,Grant,"Upto ₹2,40,000",Pre seed,,,Active,,"Women , Youth","The iStart program offers a grant of INR 2,40,000 to pre-seed stage startups, with an additional INR 60,000 for startups led by women founders (over 50% ownership). This funding supports early-stage entrepreneurship.","1. This grant provides crucial initial financial support to pre-seed stage startups, offering a base amount of INR 2,40,000.
2. Recognizing the importance of gender diversity in entrepreneurship, women-led startups receive an enhanced grant amount, benefiting from an additional INR 60,000, bringing their total potential funding to INR 3,00,000.
3. A fundamental prerequisite for eligibility is that the startup must be officially registered under the iStart program, ensuring alignment with a recognized framework for early-stage ventures.
4. The selection of grant recipients is contingent upon meeting specific criteria established by a designated Evaluation Committee, ensuring a rigorous and standardized assessment process.
5. These evaluation criteria, which are subject to periodic updates and notifications by the government, likely assess factors such as innovation, market potential, and team capability at this nascent stage.
6. This financial support aims to empower promising early-stage ventures with the necessary capital to develop their initial concepts and progress towards viability, with a particular emphasis on encouraging and supporting women entrepreneurs.",,,"To apply for schemes under iStart Rajasthan, log in to the Startup Dashboard at istart.rajasthan.gov.in, navigate to the 'Financial Incentives' section, select the desired scheme, fill out the application form, and submit the required documents for evaluation.",,,https://istart.rajasthan.gov.in/pages/schemes,https://www.startupindia.gov.in/content/sih/en/state-startup-policies/Rajasthan-state-policy.html,,,"Toll Free No. : 181 (Rajasthan Sampark)
Helpdesk No. : 0141 - 2929831
Tech Support No : 0141 - 2922286
E-mail: helpdesk.istart@rajasthan.gov.in

Nodal Officer:
Tapan Kumar, AD
startups.doit@rajasthan.gov.in
DoIT&C IT Building,Yojana Bhawan,
Tilak Marg, C-Scheme Jaipur -302005",helpdesk.istart@rajasthan.gov.in,1412929831,https://d287f3ceccc71f65c5997d1c29e7ef00.cdn.bubble.io/f1745646626087x803444725448761700/Rajasthan.png,,,,"Apr 26, 2025 11:18 am","Nov 8, 2025 1:43 pm",[],
87.0,1745646965554x491464208628842500,Viability Grant for Seed Stage Startups,Viability Grant for Seed Stage Startups,State Government,Rajasthan,"Grant , Convertible Debentures",Not specified,Seed,,,Active,,Unreserved,"The initiative provides financial support to seed-stage startups registered under the iStart program. To be eligible, startups must meet specific criteria outlined in government notifications. The objective is to foster innovation and entrepreneurship by providing necessary funding to early-stage startups, enabling them to grow and succeed.","1. This initiative is specifically designed to provide crucial support to startups that have reached the seed stage of development, indicating they have moved beyond the initial concept phase.
2. The exact eligibility criteria and the specific provisions offered under this program are determined and periodically communicated by the government.
3. These guidelines are established based on the current needs and evolving standards defined by the iStart program, ensuring the support remains relevant and impactful for emerging ventures.
4. Startups seeking to benefit from this initiative must closely monitor official notifications from the government and the iStart program to understand the prevailing requirements.
5. The provisions could potentially include financial assistance, mentorship opportunities, access to resources, or other forms of support tailored to the challenges and growth opportunities of seed-stage companies.
6. By aligning the support with the iStart program's framework, the government aims to foster a cohesive and effective ecosystem for nurturing promising startups in their critical early growth phase.",,,"To apply for schemes under iStart Rajasthan, log in to the Startup Dashboard at istart.rajasthan.gov.in, navigate to the 'Financial Incentives' section, select the desired scheme, fill out the application form, and submit the required documents for evaluation.",,,https://istart.rajasthan.gov.in/pages/schemes,https://www.startupindia.gov.in/content/sih/en/state-startup-policies/Rajasthan-state-policy.html,,,"Toll Free No. : 181 (Rajasthan Sampark)
Helpdesk No. : 0141 - 2929831
Tech Support No : 0141 - 2922286
E-mail: helpdesk.istart@rajasthan.gov.in

Nodal Officer:
Tapan Kumar, AD
startups.doit@rajasthan.gov.in
DoIT&C IT Building,Yojana Bhawan,
Tilak Marg, C-Scheme Jaipur -302005",helpdesk.istart@rajasthan.gov.in,1412929831,https://d287f3ceccc71f65c5997d1c29e7ef00.cdn.bubble.io/f1745646924680x262328398703137060/Rajasthan.png,,,,"Apr 26, 2025 11:26 am","May 5, 2025 7:15 pm",[],
88.0,1745647533834x508868995814785000,Growth Stage of the Funding,Growth Stage of the Funding,State Government,Rajasthan,Not specified,Not specified,Scale up Stage,,,Active,,Unreserved,"The initiative offers ongoing support to startups that meet specific criteria, enabling them to scale their ventures and achieve further growth. This support helps startups overcome challenges and reach their full potential.","1. Financial Assistance: iStart Rajasthan provides financial assistance to startups in various stages. Startups in the growth phase can receive financial assistance to expand their operations.
2. iStart Portal: The iStart Rajasthan portal is a comprehensive online platform where startups can access a wealth of resources, including application forms for various programs, details of funding opportunities, and a repository of knowledge articles and case studies.   
3. Scaling Up Support: The government proposes to augment the capacity of Established Incubation Centers by providing scale-up support. Grant-in-aid support of Rs. 10 crore will be provided in two annual installments of Rs. 5 crore each to top-performing Established Incubation Centers in India selected through this Scheme.
4. Mentorship and Training: iStart Rajasthan boasts a diverse pool of experienced mentors from different industries who offer strategic guidance and operational support to startups.   
5. Market Access and Networking: The initiative helps startups connect with potential customers, industry partners, and government departments, facilitating pilot projects and market entry strategies.",,,"To apply for schemes under iStart Rajasthan, log in to the Startup Dashboard at istart.rajasthan.gov.in, navigate to the 'Financial Incentives' section, select the desired scheme, fill out the application form, and submit the required documents for evaluation.",,,https://istart.rajasthan.gov.in/pages/schemes,https://www.startupindia.gov.in/content/sih/en/state-startup-policies/Rajasthan-state-policy.html,,,"Toll Free No. : 181 (Rajasthan Sampark)
Helpdesk No. : 0141 - 2929831
Tech Support No : 0141 - 2922286
E-mail: helpdesk.istart@rajasthan.gov.in

Nodal Officer:
Tapan Kumar, AD
startups.doit@rajasthan.gov.in
DoIT&C IT Building,Yojana Bhawan,
Tilak Marg, C-Scheme Jaipur -302005",helpdesk.istart@rajasthan.gov.in,1412929831,https://d287f3ceccc71f65c5997d1c29e7ef00.cdn.bubble.io/f1745647099184x524952951455007550/Rajasthan.png,,,,"Apr 26, 2025 11:35 am","May 5, 2025 7:16 pm",[],
89.0,1745647956185x217116406883811330,Scale Up Fund,Scale Up Fund,State Government,Rajasthan,Not specified,Not specified,Growth Stage,,,Active,,Youth,"The initiative offers financial support to growth-stage startups through a unique funding model, where debt is convertible to a grant, covering up to 50% of the total amount raised by these startups.","1. This funding mechanism offers substantial financial support to startups, potentially covering up to 50% of their total fundraising efforts.
2. The financial support is structured as debt that has the potential to be converted into a grant, offering favorable terms for eligible startups.
3. The specific details regarding eligibility criteria and the precise provisions of this funding are determined and will be officially communicated by the government.
4. Startups interested in leveraging this opportunity should closely monitor announcements and guidelines released by the relevant government bodies.
5. The ""debt convertible to grant"" structure suggests that meeting certain milestones or conditions could lead to the debt being forgiven, effectively becoming non-repayable funding.
6. This type of financial instrument can be particularly attractive to early-stage ventures as it provides initial capital with the potential for reduced long-term financial obligations, contingent on fulfilling the government's stipulated requirements.",,,"To apply for schemes under iStart Rajasthan, log in to the Startup Dashboard at istart.rajasthan.gov.in, navigate to the 'Financial Incentives' section, select the desired scheme, fill out the application form, and submit the required documents for evaluation.",,,https://istart.rajasthan.gov.in/pages/schemes,https://www.startupindia.gov.in/content/sih/en/state-startup-policies/Rajasthan-state-policy.html,,,"Toll Free No. : 181 (Rajasthan Sampark)
Helpdesk No. : 0141 - 2929831
Tech Support No : 0141 - 2922286
E-mail: helpdesk.istart@rajasthan.gov.in

Nodal Officer:
Tapan Kumar, AD
startups.doit@rajasthan.gov.in
DoIT&C IT Building,Yojana Bhawan,
Tilak Marg, C-Scheme Jaipur -302005",helpdesk.istart@rajasthan.gov.in,1412929831,https://d287f3ceccc71f65c5997d1c29e7ef00.cdn.bubble.io/f1745647562277x707222634544606400/Rajasthan.png,,,,"Apr 26, 2025 11:42 am","Nov 8, 2025 1:46 pm",[],
90.0,1745649472041x124681256815296510,Startup Equity Fund,Startup Equity Fund,State Government,Rajasthan,Not specified,"Upto ₹5,00,00,000",Early Stage,,,Active,,Youth,"The fund provides matching investment to eligible startups, contributing an amount equal to the funding they raise, up to a maximum of INR 5 crore, through an Alternative Investment Fund (AIF).","1. This funding opportunity provides growth-stage startups with crucial equity investment to fuel their expansion.
2. The potential matching amount offered is significant, reaching up to INR 5 crore per eligible startup, demonstrating a substantial commitment to supporting high-growth ventures.
3. Startups at this stage have the strategic option to choose between two distinct funding avenues: the Scale Up Fund and the Startup Equity Fund, allowing them to select the model best suited to their specific needs and growth trajectory.
4. Eligibility for this equity funding is specifically targeted towards startups that have already demonstrated traction and are now poised for significant scaling of their operations.
5. By offering equity investment, the government aims to become a long-term partner in the success of these ventures, aligning interests and fostering sustainable growth.
6. This initiative underscores Rajasthan's broader strategy to cultivate a thriving startup ecosystem by providing tailored financial incentives that cater to the evolving needs of startups as they progress through different stages of development, from initial ideation to achieving significant scale.",,,"To apply for schemes under iStart Rajasthan, log in to the Startup Dashboard at istart.rajasthan.gov.in, navigate to the 'Financial Incentives' section, select the desired scheme, fill out the application form, and submit the required documents for evaluation.",,,https://istart.rajasthan.gov.in/pages/schemes,https://www.startupindia.gov.in/content/sih/en/state-startup-policies/Rajasthan-state-policy.html,,,"Toll Free No. : 181 (Rajasthan Sampark)
Helpdesk No. : 0141 - 2929831
Tech Support No : 0141 - 2922286
E-mail: helpdesk.istart@rajasthan.gov.in

Nodal Officer:
Tapan Kumar, AD
startups.doit@rajasthan.gov.in
DoIT&C IT Building,Yojana Bhawan,
Tilak Marg, C-Scheme Jaipur -302005",helpdesk.istart@rajasthan.gov.in,1412929831,https://d287f3ceccc71f65c5997d1c29e7ef00.cdn.bubble.io/f1745649255154x709361292965198700/Rajasthan.png,,,,"Apr 26, 2025 12:07 pm","Nov 8, 2025 1:47 pm",[],
91.0,1745649954879x100890932709687300,Tanfund,Tanfund,State Government,Tamil Nadu,Not specified,Not specified,Not specified,,,Active,,Unreserved,"TANFUND is a funding aggregation platform sponsored by StartupTN, serving as the Tamil Nadu Government’s pivotal initiative for startup support and innovation. It facilitates direct connections between TN-based startups and a diverse array of funding partners, enhancing visibility, providing tailored funding matches, and enabling direct engagement with global investors.","As a premier fund aggregator, TANFUND acts as a bridge between innovative and scalable startups across various sectors in Tamil Nadu and a broad spectrum of investors. This platform is designed to enhance the fundraising capabilities of startups by increasing their visibility within the investor community and aligning them with funding sources that match their specific growth stages and financial needs. Through TANFUND, startups gain unparalleled access to a network of venture capitalists, private equity investors, venture debt providers, family offices, and more, each offering unique advantages such as capital, expertise, and strategic networking opportunities.

Funding Partners and Their Roles
1. Venture Capitalists: Manage pooled funds to invest in startups, providing capital, business expertise, and networking opportunities.
2. Private Equity: Focuses on investing in more mature companies, often acquiring controlling interests to scale and optimize business operations.
3. Venture Debt: Offers debt financing to venture-backed startups that lack traditional collateral, often used to complement equity financing.
4. Family Offices: Invests private equity from high-net-worth families, focusing on long-term investment horizons.
5. Revenue-based Financing: Provides capital to startups in exchange for a percentage of ongoing gross revenues, with repayment terms tied to revenue performance.
6. Angel Networks: High-net-worth individuals (HNIs) who pool resources to co-invest in startups, sharing deal flow and due diligence responsibilities.
7. Government Investment Agencies: Support economic growth, innovation, employment creation, and social inclusion by funding and mentoring startups.
8. Accelerators: Offer structured programs that promote rapid startup growth through mentorship, resource access, and seed investment.

TANFUND is ideal for startups seeking strategic financial partnerships to fuel their growth and increase market presence, offering a comprehensive range of funding options tailored to meet the diverse needs of startups at various stages of their development journey.",,,,,,https://tanfund.in/,,,,"Address:
StartupTN Office Space,
10th Floor Chennai Metro Rail Limited Building,
near Nandanam Metro Station,
Chennai, Tamil Nadu-600035.

Helpline Number : 155343
tanfund@startuptn.in",tanfund@startuptn.in,155343,https://d287f3ceccc71f65c5997d1c29e7ef00.cdn.bubble.io/f1745649949825x394151861666982800/tamil%20nadu.jpg,,,,"Apr 26, 2025 12:15 pm","May 5, 2025 7:19 pm",[],
92.0,1745650576635x188122736104308740,Tanseed,Tanseed,State Government,Tamil Nadu,"Grant , Equity","Upto ₹15,00,000",Seed,,,Active,,"Unreserved , Women","TANSEED (Tamil Nadu Seed Fund) is an equity seed investment initiative by the Tamil Nadu government, aiming to support early-stage startups. Managed under StartupTN, TANSEED 7.0 offers equity-linked grants up to Rs. 15 Lakh for startups in sectors like Green Tech, Rural Impact, and Women-led startups, and up to Rs. 10 Lakh for other sectors. In exchange, StartupTN acquires a 3% support stake and provides a one-year accelerator program with additional benefits.","1. TANSEED 7.0, an initiative under StartupTN, operates as a Support Equity-linked grant fund, offering significant financial assistance to propel the growth of startups within Tamil Nadu.
2. The fund specifically targets startups that are developing innovative products or cutting-edge technologies, distinguishing them from businesses primarily focused on service delivery.
3. In addition to financial support, TANSEED 7.0 includes a comprehensive one-year accelerator program designed to nurture early-stage ventures.
4. This accelerator provides crucial mentorship from experienced professionals, valuable networking opportunities within the startup ecosystem, and facilitated participation in both national and international delegations.
5. The integrated support structure of TANSEED 7.0 aims to equip startups with the resources and connections necessary to effectively scale their operations and expedite their entry into relevant markets.
6. By combining financial backing with intensive guidance and exposure, this initiative plays a vital role in fostering a robust and innovative startup landscape within Tamil Nadu.",,"1. Entity Type: Must be registered as a Private Limited Company under the Companies Act 2013. Applications from entities currently registered as LLPs or Partnerships will also be considered if they are willing to convert to a Private Limited Company.
2. Startup Registration: Should be registered with TANSIM and STARTUP INDIA and located in Tamil Nadu.
3. Financial Criteria: The average profit per the income tax return for the last three years (or lesser if newly registered) should be less than Rs. 5 Lakhs.
4. Innovation Requirement: Must be working towards innovation, development, or improvement of products or processes that have a high potential for employment generation, social impact, or wealth creation. Startups must have at least a Proof of Concept (PoC) or a Minimum Viable Product (MVP) and use technology in its core product, service, or business model.
5. Company History: The entity should not have been formed by splitting up or reconstruction of a business already in existence or as a subsidiary, joint venture, or associate of another company.
6. Legal Standing: Should have cleared all dues with Government agencies and not be blacklisted by any Government agency in India.
7. Incubation: The applicant may need to be incubated for at least six months at the time of application.
8. Ownership: Should be an Indian startup with at least 51% shareholding by Indian promoters. OCI and PIO holders are considered Indian citizens for this scheme.
9. Sector Restrictions: The Seed Fund is generally not available for service companies operating in traditional trade and commerce.
10. Funding Usage: The fund is intended for the development of a prototype, a market-ready product, or small-level pilot production, and not for regular research activities typical of universities or colleges.","To apply for TANSEED under StartupTN, visit startuptn.in, register your startup, and submit the application form online. Ensure your startup is registered in Tamil Nadu, recognized by DPIIT, and meets the eligibility criteria outlined on the portal. For specific queries, you can email tanseed@startuptn.in.",,,https://startuptn.in/initiative/equitable/tanseed,https://www.startupindia.gov.in/content/sih/en/state-startup-policies/Tamil-Nadu-state-policy.html,,,"Office Address:
StartupTN Office Space, 
10th Floor, 
Chennai Metro Rail Limited Building, 
Near Nandanam Metro Station, 
Chennai, Tamil Nadu 600035

Tel: (+91) 44 22256789
Email - support@startuptn.in",support@startuptn.in,4422256789,https://d287f3ceccc71f65c5997d1c29e7ef00.cdn.bubble.io/f1745650612976x585240007995839500/tamil%20nadu.jpg,,https://www.instagram.com/thestartuptn/,https://www.youtube.com/@startuptn4293,"Apr 26, 2025 12:26 pm","May 5, 2025 7:22 pm",[],
93.0,1745650913006x114848573943447550,TN SC/ST Startup fund,TAMIL NADU SCHEDULED CASTE (SC) AND SCHEDULED TRIBE (ST) STARTUP FUND,State Government,Tamil Nadu,"Grant , Equity",Not specified,Seed,,,Active,,SC/ST,"The TN SC/ST Startup Funds is a targeted initiative by the Tamil Nadu government aimed at reducing financial barriers for entrepreneurs from marginalized communities, specifically those from the Scheduled Caste and Scheduled Tribe categories. This fund focuses on investing in startups that are founded and primarily controlled by SC/ST entrepreneurs based in Tamil Nadu.","1. The Tamil Nadu Scheduled Caste / Scheduled Tribe Startup Fund is a targeted initiative focused on promoting economic inclusivity by directly supporting entrepreneurs from SC/ST communities.
2. Recognizing the systemic financial barriers often faced by these entrepreneurs, the fund aims to provide crucial financial resources to help them establish and grow their startup ventures within Tamil Nadu.
3. By strategically channeling investments into startups founded by SC/ST individuals, the initiative actively works to reduce financial exclusion and foster economic empowerment within these communities.
4. This focused financial support is intended to enable SC/ST entrepreneurs to realize their innovative ideas and build sustainable businesses, contributing to job creation and wealth generation.
5. Beyond the direct economic impact, the fund plays a vital role in promoting greater diversity and inclusion within the broader entrepreneurial ecosystem of Tamil Nadu, fostering a more equitable landscape.
6. Ultimately, this initiative seeks to level the playing field and ensure that entrepreneurs from all backgrounds have the opportunity to contribute to and benefit from the state's growing startup sector.",,"1. Startup Definition: The startup must conform to the definition outlined in the Tamil Nadu Startup and Innovation Policy at the time of the application.
2. Ownership: More than 50% of the company's equity should be owned by one or more founders from the SC/ST community.
3. Control: The operational control of the company must rest with the SC/ST shareholders.
4. Location: The company must be domiciled in Tamil Nadu, and its principal base of operations should also be in Tamil Nadu.
5. Origin: The SC/ST entrepreneur(s) applying must either be natives of Tamil Nadu or of Tamil origin.
6. Preference: Preference is given to entrepreneurs whose principal base of operations is within Tamil Nadu, enhancing local economic development.
7. This initiative aims to level the playing field by providing necessary financial resources to promising startups that can contribute to the state's economic diversity and growth while supporting community upliftment.","To apply for the Tamil Nadu SC/ST Startup Fund under StartupTN, eligible entrepreneurs from Scheduled Caste or Scheduled Tribe communities should visit startuptn.in/sc-st-fund, register their startup, and submit the application form online. The fund provides equity or debt-based assistance to support scalable business models, including those based on Indigenous Traditional Knowledge (ITK). Applicants can also benefit from the Social Justice Venture Lab, which offers mentorship, regulatory support, and post-investment services.",,,https://startuptn.in/sc-st-fund,https://startuptn-public-files.s3.ap-south-1.amazonaws.com/SCST_Brochure.pdf,,,"Office Address:
StartupTN Office Space, 
10th Floor, 
Chennai Metro Rail Limited Building, 
Near Nandanam Metro Station, 
Chennai, Tamil Nadu 600035

Tel: (+91) 44 22256789
Email - support@startuptn.in",support@startuptn.in,4422256790,https://d287f3ceccc71f65c5997d1c29e7ef00.cdn.bubble.io/f1745650642774x815568848236404400/tamil%20nadu.jpg,https://d287f3ceccc71f65c5997d1c29e7ef00.cdn.bubble.io/f1746015060681x999902471348948400/tn%20scst%20fund.png,,,"Apr 26, 2025 12:31 pm","Apr 30, 2025 5:41 pm",[],
94.0,1746018414515x394571751413252100,TRANSPORT4ALL CHALLENGE,TRANSPORT4ALL CHALLENGE,Central Government,,Grant,"Upto ₹20,00,000",Not specified,Challenges,,Active,,Unreserved,"The Transport4All Challenge, initiated by the Ministry of Housing and Urban Affairs, aims to develop innovative solutions for public transport. It provides startups with funding up to Rs. 20 lakhs, expert guidance, and opportunities to collaborate with cities and gain government endorsement.","1. The Transport4All Challenge, spearheaded by the Ministry of Housing and Urban Affairs, aims to drive innovation in public transport through digital solutions that benefit all citizens.
2. This initiative specifically targets startups, offering them a unique platform to develop and refine their solutions within real-world urban environments.
3. Participating startups gain invaluable opportunities to directly collaborate with cities, incorporate citizen feedback into their designs, and receive expert mentorship to guide their development.
4. A significant benefit is the potential endorsement from the Government of India, which can greatly enhance the credibility and facilitate the adoption of their solutions by cities nationwide.
5. The challenge offers substantial fiscal incentives, providing up to Rs. 20 lakhs per identified problem statement, with rewards distributed among up to 16 promising startups (actual amounts may vary).
6. Beyond financial rewards, the challenge provides crucial non-fiscal benefits, including expert industry guidance and the chance to pilot their solutions in collaboration with cities, significantly improving their practical application and scalability.",Startups with innovative digital solutions in the public transport domain are eligible to apply. They can choose to address one or more problem statements across one or multiple participating cities.,"1. Startups must be registered entities in India.
2. They should have a working prototype or a minimum viable product (MVP).
3. Solutions should align with the problem statements provided by the cities.
4. Startups should be willing to pilot their solutions in collaboration with city authorities",Startups can apply by registering on the Startup India portal and submitting their solutions aligned with the problem statements identified by participating cities.,,,https://smartnet.niua.org/transport4all/,https://smartnet.niua.org/transport4all/wp-content/uploads/2021/04/290421-T4All-Challenge-brief.pdf,,,"Address:
National Institute of Urban Affairs (NIUA)
1st Floor, Core 4B, India Habitat Centre, Lodhi Road, New Delhi – 110003

Phone: +91-11-24634971, +91-11-24643576
Email: niua@niua.org","niua@niua.org , contact@transport4all.in",,https://d287f3ceccc71f65c5997d1c29e7ef00.cdn.bubble.io/f1746018058251x818760449153309200/transport4all.png,,,,"Apr 30, 2025 6:36 pm","Apr 30, 2025 6:45 pm",[],
95.0,1746019848379x472645058291826700,SWACHHATA STARTUP CHALLENGE,SWACHHATA STARTUP CHALLENGE,Central Government,,Grant,,Not specified,Challenges,,Not specified,,,"The MOHUA-AFD Swachhata Startup Challenge supports innovative startups in India's waste management sector, focusing on technology and social innovation. It aims to enhance waste management efficiency, promote transparency, and reduce single-use plastics. The challenge provides significant financial support to selected startups, offering resources to develop and implement their solutions.","1. The MOHUA-AFD Swachhata Startup Challenge was created to stimulate growth and innovation within India's crucial waste management sector.
2. It specifically seeks to support startups that are creatively integrating technology and social innovation to tackle the nation's complex waste management challenges.
3. The core objectives of the challenge include boosting waste management efficiency, maximizing positive social impact, increasing transparency in the waste value chain, and actively reducing the use of single-use plastics.
4. This initiative primarily benefits startups operating at the dynamic intersection of technological advancements and socially conscious solutions within the waste management domain.
5. Entrepreneurs, as well as incubators and accelerators actively supporting ventures addressing India's waste issues, can find significant and targeted support through this challenge.
6. While specific funding amounts can vary, the MOHUA-AFD Swachhata Startup Challenge aims to provide substantial financial backing to 10 carefully selected startups, empowering them to develop and implement their groundbreaking waste management solutions.","The challenge is open to:
1. Startups registered in India.
2. French entities collaborating with Indian startups (as joint ventures).

Applicants should be for-profit entities with more than 3 months of operations.","Applicants must:
1. Have a legal structure (registered startup).
2. Address one of the four thematic areas: Social Inclusion, Zero Dump, Plastic Waste, or Transparency.
3. Demonstrate a sustainable and autonomous economic model with a Minimum Viable Product (MVP) ready stage or beyond.
4. Ensure digital technology and social impact are central to their solution.","Startups can apply by registering and submitting their applications through the official portal: 
https://swachhatastartupchallenge.com/",,,https://swachhatastartupchallenge.com/,swachhatastartupchallenge.com/assets/pdf/Swachhata-Startup-Challenge-Guidelines.pdf,,,"For inquiries:
1. Email: contact@swachhatastartupchallenge.com
2. Website: https://swachhatastartupchallenge.com/","info@villgro.org , contact@swachhatastartupchallenge.com",4466630400,https://d287f3ceccc71f65c5997d1c29e7ef00.cdn.bubble.io/f1746019362697x799923274913893800/swachata.png,,,,"Apr 30, 2025 7:00 pm","Apr 30, 2025 7:02 pm",[],
96.0,1746077755415x961984132789305300,CGTMSE,CREDIT GUARANTEE FUND TRUST FOR MICRO AND SMALL ENTERPRISES (CGTMSE) SCHEME,Central Government,,Loan,"Upto ₹5,00,00,000",Not specified,Others,,Active,,,"The Credit Guarantee Fund Trust for Micro and Small Enterprises (CGTMSE) Scheme, launched by the Ministry of MSME and SIDBI, facilitates institutional credit to MSEs by offering guarantees for loans without collateral or third-party guarantees. This initiative helps first-generation entrepreneurs easily access bank credit to establish MSEs, supporting diverse sectors and fostering entrepreneurship.","1. The Credit Guarantee Fund Trust for Micro and Small Enterprises (CGTMSE) Scheme is a joint initiative by the Ministry of MSME and SIDBI to ease access to institutional credit for Micro and Small Enterprises (MSEs).
2. A key feature of the scheme is the provision of guarantees for loans extended to MSEs, eliminating the need for collateral security or third-party guarantees.
3. This lack of collateral requirement significantly benefits first-generation entrepreneurs, enabling them to readily secure crucial bank credit for establishing their MSE ventures.
4. The scheme extends its support across a wide range of diverse sectors, fostering entrepreneurship and economic activity throughout various industries.
5. By reducing the barriers to accessing finance, the CGTMSE Scheme plays a vital role in empowering small businesses and promoting a more inclusive entrepreneurial landscape.
6. Ultimately, this initiative aims to bolster the growth and sustainability of the MSE sector by ensuring that viable business ideas are not hindered by a lack of traditional security.","New and existing Micro and Small Enterprises engaged in manufacturing or service activities (excluding agriculture, Self Help Groups, and Joint Liability Groups) are eligible under the scheme.","1. MSEs must be engaged in manufacturing or service activities as defined under the MSMED Act, 2006.
2. The credit facility should be extended by an MLI without any collateral security and/or third-party guarantees.
3. Borrowers are required to obtain an Income Tax Permanent Account Number (PAN) prior to availing of the credit facility.",Eligible Micro and Small Enterprises (MSEs) can apply by approaching any Member Lending Institution (MLI) registered with CGTMSE to avail collateral-free credit facilities.,,,https://www.cgtmse.in/Home/VS/3,,,,"Address:
Credit Guarantee Fund Trust for Micro and Small Enterprises (CGTMSE)
CEO, CGTMSE, SIDBI, Swavalamban Bhavan, C-11, G-Block, Bandra-Kurla Complex (BKC), Bandra (East), Mumbai – 400051

Toll-Free Number: 1800-22-6753
Phone: +91 86930 33333
Website: https://www.cgtmse.in",,8693033333,https://d287f3ceccc71f65c5997d1c29e7ef00.cdn.bubble.io/f1746075849159x412565135877386940/cgtmselogo.png,,,,"May 1, 2025 11:05 am","May 1, 2025 11:13 am",[],
97.0,1746080423807x605297049190531100,CGSS,CREDIT GUARANTEE SCHEME FOR STARTUPS (CGSS),Central Government,,Loan,"Upto ₹10,00,00,000",Scale up Stage,Others,,Active,,Unreserved,"The Credit Guarantee Scheme for Startups (CGSS), established by the Government of India, offers credit guarantees to DPIIT-recognized startups for loans provided by banks, NBFCs, and VDFs under SEBI. Administered by NCGTC as a Trustee, the scheme supports a variety of debt instruments without requiring startups to offer collateral, enhancing their access to essential funding.","1. The Credit Guarantee Scheme for Startups (CGSS) aims to strengthen the financial foundation of DPIIT-recognized startups by offering credit guarantees on loans.
2. This scheme enables startups to access crucial financial instruments like venture debt, working capital, and convertible debentures from Member Institutions (MIs) such as banks, NBFCs, and venture debt funds, without the need for collateral.
3. The National Credit Guarantee Trustee Company (NCGTC) expertly manages these guarantees, providing coverage on either a transaction-specific or a broader, umbrella basis.
4. This guarantee mechanism effectively reduces the risk exposure for lending institutions, thereby encouraging them to extend credit more readily to eligible startups.
5. By easing the often challenging process of capital acquisition, CGSS plays a pivotal role in empowering startups to grow, innovate, and achieve long-term sustainability within competitive markets.
6. Ultimately, this initiative significantly lowers the financial barriers that startups typically face when seeking loans, fostering a more supportive and conducive environment for the entire Indian startup ecosystem.",,,"To apply for the Credit Guarantee Scheme for Startups (CGSS), a DPIIT-recognized startup should approach an eligible lending institution (such as a Scheduled Commercial Bank, NBFC, or SEBI-registered AIF), which will evaluate the loan application and, upon approval, apply for the credit guarantee coverage through the National Credit Guarantee Trustee Company (NCGTC) portal.",,,https://www.startupindia.gov.in/content/sih/en/credit-guarantee-scheme-for-startups.html,"https://www.ncgtc.in/content/products/0/1700636150162185081.pdf , https://www.ncgtc.in/en/product-details/CGSS/Credit-Guarantee-Scheme-for-Start-ups-(CGSS)",,,"Office Address:  
INVEST INDIA  
110, Vigyan Bhavan Annexe,  
001, Maulana Azad Road,  
New Delhi - 110001, India  

Toll-Free Number: 1800115565  

Working Hours: 10:00 AM - 5:00 PM (Monday to Friday)",startup@ncgtc.in,,,,,,"May 1, 2025 11:50 am","May 1, 2025 11:52 am",[],
98.0,1746081445967x377528680597946400,Invest India,Invest India,Central Government,,Not specified,Not specified,Not specified,General,,Active,,Unreserved,"Invest India is the National Investment Promotion and Facilitation Agency of India, set up as a non-profit venture under the Department for Promotion of Industry and Internal Trade, Ministry of Commerce and Industry, Government of India. They provide comprehensive facilitation to investors interested in India, including strategic business advisory, policy guidance, location assessment, issue redressal, and expansion support.","Invest India is the official investment promotion and facilitation agency of India, operating under the Department for Promotion of Industry and Internal Trade (DPIIT), Ministry of Commerce and Industry. Established in 2009 as a not-for-profit entity, its primary objectives include:
1. Investment Promotion: Facilitating foreign and domestic investments into India by providing investors with comprehensive support throughout their investment lifecycle.
2. Policy Advocacy: Engaging with stakeholders to suggest policy reforms that enhance the ease of doing business in India.
3. Sectoral Expertise: Offering specialized knowledge across various sectors to guide investors effectively.
4. Startup Support: Collaborating with initiatives like Startup India to nurture the startup ecosystem through mentorship, funding, and market access.

Invest India serves as a single-window facilitator, ensuring investors receive end-to-end assistance, from pre-investment advisory to aftercare services.","Invest India caters to:
1. Domestic and International Investors: Individuals or entities looking to invest in India's diverse sectors.
2. Startups and Entrepreneurs: Seeking guidance, funding opportunities, or market access.
3. Corporations: Aiming to expand or establish operations in India.
4. Government Bodies: Collaborating on policy formulation and implementation.","While Invest India does not have strict eligibility criteria, engagement is typically beneficial for:
1. Entities with a clear investment plan or business proposal.
2. Startups recognized by DPIIT.
3. Investors complying with India's regulatory and legal frameworks.","Investors can engage with Invest India by submitting inquiries or investment proposals through the contact form on their official website: 
https://www.investindia.gov.in/contact-us",,,https://www.investindia.gov.in/,https://www.investindia.gov.in/team-india-blogs/key-investment-opportunities-india-2025,,,"Address:
Invest India
1st Floor, Vigyan Bhawan Annexe
Maulana Azad Road
New Delhi – 110011

Phone: +91-11-23048155
Email: contact@investindia.org.in
Website: https://www.investindia.gov.in",contact@investindia.org.in,1123048155,https://d287f3ceccc71f65c5997d1c29e7ef00.cdn.bubble.io/f1746080975263x209151790469166200/Invest%20India.png,https://d287f3ceccc71f65c5997d1c29e7ef00.cdn.bubble.io/f1746081483789x438038131478711900/invest%20india.png,https://www.instagram.com/investindiaofficial/,https://www.youtube.com/channel/UCcw6X2Vh07Dr_2iU2uCKORQ,"May 1, 2025 12:07 pm","May 1, 2025 12:08 pm",[],
99.0,1746082849293x907709636430528500,"Aatmanirbhar Bharat ARISE-ANIC, Atal Innovation Mission","Aatmanirbhar Bharat ARISE-ANIC, Atal Innovation Mission",Central Government,,Grant,Not specified,Research & Innovation,MSME,,Active,,Youth,"The Aatmanirbhar Bharat ARISE-ANIC program supports Indian startups and MSMEs by providing financial assistance, mentorship, and resources to drive innovation and research. It aims to enhance their competitive edge and contribute to India's self-reliance journey, fostering growth and development across various sectors.","1. The Aatmanirbhar Bharat ARISE-ANIC program's core mission is to stimulate research and innovation, thereby boosting the competitiveness of Indian startups and MSMEs.
2. It achieves this by providing crucial financial backing, dedicated mentorship, and essential resources to help these entities effectively advance their innovative projects.
3. A key objective is to empower Indian startups and MSMEs to achieve significant growth and contribute substantially to the nation's vision of self-reliance (Aatmanirbhar Bharat).
4. Beyond financial aid, the program offers invaluable access to a strong network comprising experienced mentors, industry experts, and influential business leaders.
5. It actively facilitates collaborations and strategic partnerships, enabling startups and MSMEs to broaden their networks and explore new avenues for expansion.
6. The program supports innovation and entrepreneurship across a diverse range of critical sectors, including technology, healthcare, renewable energy, and agriculture, fostering comprehensive and well-rounded growth.","Startups and Micro, Small, and Medium Enterprises (MSMEs) registered in India, particularly those recognized by the Department for Promotion of Industry and Internal Trade (DPIIT), are eligible to apply.","1. Must be a registered Indian entity (startup or MSME).
2. Should possess a prototype or proof of concept relevant to the challenge statement.
3. Demonstrated capability to undertake research and development to address the specified problem statements.",Eligible startups and MSMEs can apply online through the AIM portal by submitting proposals in response to specific challenge statements issued by participating ministries.,https://aim.gov.in/pdf/ARISE-ANIC_Guidelines.pdf,,https://aim.gov.in/arise-overview.php,,,,"Address:
Atal Innovation Mission, NITI Aayog
Sansad Marg, New Delhi – 110001

Phone: +91-11-23042337
Email: md-aim@gov.in",arise-aim@nic.in,,https://d287f3ceccc71f65c5997d1c29e7ef00.cdn.bubble.io/f1746081737968x414679489092716350/atal.jpeg,,,,"May 1, 2025 12:30 pm","Nov 8, 2025 1:52 pm",[],
100.0,1746086254441x983131892083064800,"INDIA AUSTRALIAN CIRCULAR ECONOMY (I-ACE) HACKATHON, ATAL INNOVATION MISSION","INDIA AUSTRALIAN CIRCULAR ECONOMY (I-ACE) HACKATHON, ATAL INNOVATION MISSION",Central Government,,Grant,Not specified,Hackathon,MSME,,Not active,The application window for the last edition closed on 6th November 2020.,Youth,"The India Australia Circular Economy (I-ACE) Hackathon is a collaborative initiative between India's Atal Innovation Mission and Australia's CSIRO. It supports students, startups, and MSMEs in developing innovative circular economy solutions, particularly in the food system value chain, offering financial support and guidance for sustainable initiatives.","1. The India Australia Circular Economy (I-ACE) Hackathon is a joint initiative by Atal Innovation Mission (NITI Aayog, India) and CSIRO (Australia) to foster circular economy innovations.
2. It specifically targets students, startups, and MSMEs from both India and Australia, encouraging them to develop solutions for a circular food system value chain.
3. This hackathon provides a valuable platform for startups, incubators, accelerators, students, and MSMEs to access financial support and expert guidance for their circular economy projects.
4. The prominent investment areas focus on promoting circularity within the food system, including waste reduction, sustainable agriculture, resource efficiency, and eco-friendly packaging.
5. By supporting innovative solutions in the food system, the I-ACE Hackathon aims to create a more sustainable and environmentally responsible approach to food production and consumption in both India and Australia.","The following entities are eligible to apply:
1. Students currently pursuing Bachelor's, Master's, or Doctorate courses from Higher Education Institutions (HEIs) in India.
2. Startups recognized under the Startup India scheme by the Department for Promotion of Industry and Internal Trade (DPIIT).
3. Micro, Small, and Medium Enterprises (MSMEs) having Udyam Registration numbers issued by the Ministry of Micro, Small & Medium Enterprises.

Note: All team members must belong to the same institution or entity as the team leader.","1. Teams must consist of a minimum of 2 and a maximum of 5 members.
2. All team members should be from the same university/institute/startup/MSME as the team leader.
3. The entity must fall under one of the eligible categories mentioned above.",Eligible teams can apply online through the AIM portal by submitting their proposals in response to the specified themes of the hackathon.,,,https://aim.gov.in/iace-hackathon.php,,,,"Address:
Atal Innovation Mission
NITI Aayog Bhawan
Sansad Marg, New Delhi – 110001

Email: md-aim@gov.in",india.ace@gov.in,,https://d287f3ceccc71f65c5997d1c29e7ef00.cdn.bubble.io/f1746086288505x204155984763358960/atal.jpeg,,,,"May 1, 2025 1:27 pm","Nov 8, 2025 1:52 pm",[],
101.0,1746087487563x495129996046106600,IIGP,INDIA INNOVATION GROWTH PROGRAMME,Central Government,,Grant,"Upto ₹25,00,000",Idea Stage,Science and Technology,,Active,Applications are typically invited annually.,Youth,"The India Innovation Growth Programme (IIGP) is a tripartite initiative of the Department of Science and Technology (DST), the Government of India, Lockheed Martin, and Tata Trusts. IIGP aims to enhance the Indian innovation ecosystem by enabling innovators and entrepreneurs to develop technology-based solutions for tomorrow through the stages of ideation, innovation, and acceleration. The programme aims to build an innovation pipeline in India through a high-impact programme focused on the social and industrial innovation ecosystem.","1. The India Innovation Growth Programme (IIGP) 2.0 is a collaborative initiative by the Department of Science and Technology (DST), Government of India, Lockheed Martin, and Tata Trusts, dedicated to bolstering India's innovation ecosystem.
2. Launched in 2007 and revitalized as IIGP 2.0, the program provides comprehensive support to Indian innovators and entrepreneurs throughout the crucial stages of ideation, innovation, and acceleration.
3. IIGP 2.0 strategically focuses on the development of technology-based solutions that effectively address pressing social and significant industrial challenges within India.
4. The program operates through two parallel and inclusive tracks: the University Challenge, specifically designed for students, and the Open Innovation Challenge, which welcomes participation from all Indian innovators and entrepreneurs.
5. A diverse range of key sectors are prioritized for innovation, including vital areas such as agriculture, healthcare, water, energy, and advanced fields like aeronautics, defense, IT, and nanotechnology.
6. While specific financial details aren't explicitly mentioned in the provided text, IIGP 2.0 offers valuable non-monetary support through expert mentorship, essential resources, and potential pathways to market for promising Indian innovations.","1. University Challenge: Students from Indian universities and institutions.
2. Open Innovation Challenge: Private individuals, startups, MSMEs, government entities, and consortia.","1. Applicants must be Indian citizens or entities registered in India.
2. Innovations should be science and technology-based solutions addressing social or industrial challenges.
3. Intellectual Property (IP) rights must be owned by an Indian entity or individual.",Interested applicants can apply online through the official IIGP portal at www.indiainnovates.in by submitting their proposals in response to the specified challenges.,,,https://www.agnii.gov.in/,,,,"Email: innovations@indiainnovates.in
Website: www.indiainnovates.in",,,https://d287f3ceccc71f65c5997d1c29e7ef00.cdn.bubble.io/f1746086434447x209460455483454050/iigp.png,,,,"May 1, 2025 1:48 pm","Nov 8, 2025 1:53 pm",[],
102.0,1746091899726x127988900156932100,STARTINUP: SUPPORT FOR PROTOTYPE DEVELOPMENT,STARTINUP: SUPPORT FOR PROTOTYPE DEVELOPMENT,State Government,Uttar Pradesh,Grant,"Upto ₹5,00,000",Early Stage,General,,Active,Applications are accepted on a rolling basis; startups can apply anytime.,Unreserved,A one-time prototyping grant of up to INR 5 Lakh per startup shall be provided to DPIIT and StartInUP registered startups. The assistance shall be provided in a single tranche to startups.,"1. Financial Assistance: Provides a one-time prototyping grant of up to INR 5 Lakh per startup. 
2. Eligibility: Available to startups registered with the Department for Promotion of Industry and Internal Trade (DPIIT) and recognized under the StartinUP program.
3. Disbursement: The grant is provided in a single tranche to the eligible startups. 
4. Objective: Aims to support startups in developing their prototypes, facilitating the transition from idea to product.
5. Incentive Clause: The 50% additional incentive clause is not applicable to this grant.","Startups that are:
1. Recognized by DPIIT.
2. Registered under the StartinUP program.","1. Must be a DPIIT-recognized startup.
2. Should be registered under the StartinUP initiative.","Eligible startups can apply online through the StartinUP portal: 
https://startinup.up.gov.in/prototype-development/",,,https://startinup.up.gov.in/prototype-development/,,,,"Address:
1st Floor, UPLC, Navchetna Kendra,
10 Ashok Marg, Lucknow 226001

Helpline for Policy Related Support: 0522-4130303, Ext.-302
Email: info@itpolicyup.gov.in

Working Hours: 10:00 AM to 06:00 PM on working days.",info@itpolicyup.gov.in,5224130303,https://d287f3ceccc71f65c5997d1c29e7ef00.cdn.bubble.io/f1746087771429x264551910393010750/up.png,,,,"May 1, 2025 3:01 pm","May 1, 2025 3:01 pm",[],
103.0,1746094936596x874112590514749400,STARTINUP: SEED CAPITAL AND MARKETING ASSISTANCE,STARTINUP: SEED CAPITAL AND MARKETING ASSISTANCE,State Government,Uttar Pradesh,Grant,"Upto ₹7,50,000",Early Stage,,,Active,Applications are accepted on a rolling basis; startups can apply at any time.,Youth,The seed capital will be given in the form of Marketing Assistance up to INR 7.5 Lakhs per startup up to 25 startups per incubator per year to launch the Minimum Viable Product (MVP) in the market.,"1. Objective: To provide financial assistance to startups for launching their Minimum Viable Product (MVP) in the market.
2. Funding Limit: Up to INR 7.5 Lakhs per startup, with a cap of 25 startups per incubator per year.
3. Disbursement: Funds are released in three tranches—40% as an advance, followed by 30% each upon achieving specified milestones.
4. Performance Monitoring: Startups must commit to Key Performance Targets (KPTs) assessed by the Project Implementation Unit (PIU) before subsequent disbursements.
5. Evaluation Committee: Grants are approved based on recommendations from a committee comprising experts from institutions like STPI, IIT Kanpur, and IIM Lucknow.","Startups that are:
1. Recognized by the Department for Promotion of Industry and Internal Trade (DPIIT).
2. Registered under the StartinUP program.","1. Must be a DPIIT-recognized startup.
2. Should be registered under the StartinUP initiative.
3. Must be incubated in a recognized incubator within Uttar Pradesh.","Eligible startups can apply online through the official StartinUP portal: 
https://startinup.up.gov.in/marketing-assistance/",,,https://startinup.up.gov.in/marketing-assistance/,,,,"Address:
1st Floor, UPLC, Navchetna Kendra,
10 Ashok Marg, Lucknow 226001

Helpline for Policy Related Support: 0522-4130303, Ext.-302
Email: info@itpolicyup.gov.in

Working Hours: 10:00 AM to 06:00 PM on working days.",info@itpolicyup.gov.in,5224130303,https://d287f3ceccc71f65c5997d1c29e7ef00.cdn.bubble.io/f1746094737534x716145363064783900/up.png,,,,"May 1, 2025 3:52 pm","Nov 8, 2025 1:55 pm",[],
104.0,1746097699620x691417340045426700,STARTUP TELANGANA - T-SPARK,STARTUP TELANGANA - T-SPARK,State Government,Telangana,Grant,Not specified,Not specified,,,Active,Applications are accepted on a rolling basis.,Unreserved,"T-Spark is an initiative to provide funding and grant support for early-stage and seed-stage startups, ranging from ₹0.2 - ₹1 million. The grants intend to help accelerate prototype building, talent development, R&D, and marketing efforts. The selected startups will also get access to mentoring, funding readiness guidance, and GTM strategy support as required.","1. Prototype, Pilot, and Seed Grants: The program offers financial support in the form of Prototype, Pilot, and Seed Grants to startups. Each support type can be availed only once per startup, and applications can be made for only one support type in each cycle. 
2. Milestone-Based Disbursement: Grants are disbursed based on the achievement of predefined milestones, which vary for each selected applicant. 
3. Utilization and Reporting: Startups are required to submit a utilization certificate upon using the grants and a detailed project report upon project completion. 
4. Time-Bound Pilots: Any pilot project supported under the grant should not exceed more than 12 months. 
5. Evaluation Process: The Telangana Innovation Cell (TIC) scrutinizes applications and performs due diligence. Eligible applications are recommended to the Startup Council for final decision on sanction/disbursement, considering the available budget.",Startups recognized by the Government of Telangana are eligible to apply for the grants.,"1. The startup must be recognized by the Government of Telangana.
2. Applications can be made for only one support type (Prototype, Pilot, or Seed Grant) in each cycle.
3. Support can be availed only once under each support type for each startup.
4. A utilization certificate must be submitted upon using the grants.
5. A detailed project report must be submitted upon the completion of the project.
6. Any pilot should not exceed more than 12 months.","Eligible startups can apply online through the official Startup Telangana portal: 
https://startup.telangana.gov.in/grants/",,,https://startup.telangana.gov.in/grants/,,,,"Address: 
Room 24, Floor 3, 
Dr. B. R. Ambedkar Telangana Secretariat, 
Telangana Secretariat Rd, Khairatabad, 
Hyderabad, 
Telangana 500022.

Phone: +91 9100678543
Email: tsic@telangana.gov.in",startup-cell@telangana.gov.in,9100678543,https://d287f3ceccc71f65c5997d1c29e7ef00.cdn.bubble.io/f1746097419906x873528119145979800/telangana.png,https://d287f3ceccc71f65c5997d1c29e7ef00.cdn.bubble.io/f1746097864564x192822320173654980/Screenshot%20%28352%29.png,,,"May 1, 2025 4:38 pm","May 1, 2025 4:41 pm",[],
105.0,1746098778538x847865211062845400,STARTUP TELANGANA - GRANTS FOR STARTUPS WITH GRASSROOTS AND RURAL IMPACT,STARTUP TELANGANA - GRANTS FOR STARTUPS WITH GRASSROOTS AND RURAL IMPACT,State Government,Telangana,Grant,Not specified,Idea Stage,,,Active,"Applications are accepted on a rolling basis. Startups can apply at any time, adhering to the specific timelines mentioned in individual grant schemes.",,"Startups that have a direct impact on people at the grassroots would be supported for any of the following stages: Prototype, Pilot Grant, and Seed Grant.","1. Public Procurement Incentives: Facilitates the release of purchase and work orders to eligible startups that have collaborated with Telangana government departments or district administrations, aiming to promote public procurement from startups with grassroots/rural impact. 
2. Incubation Support: Provides incubation support to promising startups with grassroots/rural impact, with the entire cost borne by the Telangana State Innovation Cell (TSIC). 
3. Mentorship & Capacity Building: Offers dedicated training, capacity-building workshops, and access to qualified mentors for startups with grassroots/rural impact, free of cost. 
4. Evaluation Process: Applications are scrutinized by the Telangana Innovation Cell (TIC) and presented to the Grassroot Advisory Council for final decision on sanction/work order/disbursement, considering the available budget.",Startups recognized by the Government of Telangana and identified as having grassroots/rural impact as per G.O.Ms.No. 8 dated 27-07-2021,"1. Recognition as a startup by the Government of Telangana.
2. Recognition as a “Startup with Grassroot/Rural Impact” as defined in G.O.Ms.No. 8 dated 27-07-2021.
3. Submission of a letter of intent from competent authorities of the concerned government departments or district administrations.",Eligible startups must apply through the prescribed application form available on the Startup Telangana portal for procurement-related grants.,,,https://startup.telangana.gov.in/grants/,https://startup.telangana.gov.in/wp-content/uploads/2021/07/2021ITC_MS8.pdf,,,"Address: 
Room 24, Floor 3, Dr. B. R. Ambedkar Telangana Secretariat, 
Telangana Secretariat Rd, Khairatabad, 
Hyderabad, Telangana 500022.

Email: tsic@telangana.gov.in",startup-cell@telangana.gov.in,9100678543,https://d287f3ceccc71f65c5997d1c29e7ef00.cdn.bubble.io/f1746098025642x785560504067253100/telangana.png,,,,"May 1, 2025 4:56 pm","May 1, 2025 5:07 pm",[],
106.0,1746100059561x662741116033433600,Innovation Voucher Program (IVP),Innovation Voucher Program (IVP),State Government,Tamil Nadu,Grant,Not specified,Not specified,MSME,,Active,"Applications are accepted on a rolling basis. Startups can apply at any time, adhering to the specific timelines mentioned in individual grant schemes.",Unreserved,"The Innovation Voucher Program (IVP) by the Government of Tamil Nadu supports research and innovation among MSMEs and startups. It offers financial assistance for validating innovative ideas and developing commercially viable products, covering various sectors like agriculture, engineering, health, and electronics. The program has two vouchers: Voucher A for research and market studies, and Voucher B for product development.","1. The INNOVATION VOUCHER PROGRAM (IVP) is an initiative by the Government of Tamil Nadu specifically designed to stimulate research and foster innovation within the state's MSME and startup ecosystem.
2. This program actively encourages innovation across a broad spectrum of vital sectors, including Agriculture, Engineering, Healthcare, Waste Management, and advanced technologies like Nano-Technology and Electronics.
3. The primary beneficiaries of the IVP are Micro, Small, and Medium Enterprises (MSMEs) and startups located within Tamil Nadu, providing them with crucial support for their innovative endeavors.
4. The IVP offers two distinct types of vouchers: VOUCHER A assists with validating novel ideas through research and market studies, while VOUCHER B supports the development of validated products with strong market potential into commercially viable offerings.
5. By providing essential financial support, the IVP aims to empower early-stage businesses in Tamil Nadu to effectively validate their concepts and develop their innovative products, overcoming critical initial hurdles.
6. The program's strategic focus on diverse niche areas underscores the Tamil Nadu government's commitment to fostering innovation and technological advancement across a wide range of industries crucial to the state's economic growth.","Micro, Small, and Medium Enterprises (MSMEs) and early-stage startups registered and located in Tamil Nadu.","1. Must be a manufacturing MSME or startup.
2. Registered and operating in Tamil Nadu.
3. Willingness to co-finance the innovation investment as per IVP norms.
4. Should have a CIBIL score of 750 or more (if applicable).
5. No prior contract with a Knowledge Partner.","Eligible startups and MSMEs can apply online through the CED Anna University portal: 
https://auced.com/ivp/",,,https://auced.com/ivp/,,,,"Address: 
Centre for Entrepreneurship Development, 
#302, 2nd Floor, 
Platinum Jubilee Building, 
AC Tech Campus, Anna University, 
Sardar Patel Road, Guindy, 
Chennai - 600 025, Tamil Nadu, India.

Phone: 044 - 2235 9290 / 9289
Email: cedau2019@gmail.com",cedau2019@gmail.com,,https://d287f3ceccc71f65c5997d1c29e7ef00.cdn.bubble.io/f1746099592171x267333217804199840/FUND_003710.jpg,,,,"May 1, 2025 5:17 pm","May 1, 2025 5:19 pm",[],
107.0,1746101489105x107332415436619780,TNESSF,TAMIL NADU EMERGING SECTOR SEED FUND,State Government,Tamil Nadu,"Equity , Convertible Debentures","₹3,00,00,000 -  ₹10,00,00,000",Seed,MSME,,Active,Applications are accepted on a rolling basis.,Unreserved,"The Tamil Nadu Emerging Sector Seed Fund (TNESSF) supports innovative and high-growth enterprises in Tamil Nadu, providing seed funding and investment opportunities ranging from INR 3 to 10 crore. It also offers access to valuable networks, mentorship, and guidance, enhancing the chances of success for backed businesses.","1. The Tamil Nadu Emerging Sector Seed Fund (TNESSF) was established by the Tamil Nadu government to specifically support innovative and high-growth potential enterprises within the state.
2. Its primary aim is to stimulate entrepreneurship, generate employment opportunities, and drive overall economic development across Tamil Nadu by providing crucial financial and non-financial assistance to emerging businesses.
3. While the exact funding amount can vary based on the project's specifics, TNESSF typically offers seed funding and investment opportunities, with typical investments ranging from INR 3 to 10 crore, demonstrating a significant commitment to supporting scalable ventures.
4. Beyond financial capital, TNESSF provides access to valuable business networks, experienced mentorship, and strategic guidance through its affiliations with the Tamil Nadu Infrastructure Fund Management Corporation Limited (TNIFMC) and StartupTN.
5. This comprehensive support ecosystem is designed to significantly enhance the likelihood of success for the startups and emerging enterprises that receive funding and guidance from the TNESSF.
6. Located in Tamil Nadu, this fund plays a vital role in nurturing a robust startup ecosystem within the state by strategically investing in promising ventures and equipping them with the resources needed for sustainable growth and market impact.","Startups and MSMEs with revenues up to ₹250 crore, operating in emerging sectors and based in Tamil Nadu.","1. Innovative and high-growth enterprises.
2. Based in Tamil Nadu.
3. Operating in emerging sectors.
4. Revenue up to ₹250 crore.
5. Evaluated based on promoter track record, growth prospects, business model efficiency, social impact, and exit potential.",Interested startups and MSMEs can download the application form from the TNESSF page and submit it as per the provided instructions.,,,https://startuptn.in/tamil-nadu-emerging-sector-seed-fund/,,,,"Address: 
Office Space, 10th Floor, 
Chennai Metro Rail Limited, Metro Station, 
Tamil Nadu Startup and Innovation Mission (StartupTN), 
near Nandanam, Nandanam, 
Chennai, Tamil Nadu 600035

Phone: (+91) 44 22256789
Email: support@startuptn.in",support@startuptn.in,4422256789,https://d287f3ceccc71f65c5997d1c29e7ef00.cdn.bubble.io/f1746100210047x752619200737085300/tamil%20nadu.jpg,,,,"May 1, 2025 5:41 pm","May 1, 2025 5:43 pm",[],
108.0,1746102507170x478502944432455700,SIPCOT INDUSTRIAL INNOVATION & SCALE UP GRANT,SIPCOT INDUSTRIAL INNOVATION & SCALE UP GRANT,State Government,Tamil Nadu,Not specified,Not specified,Post Poc,,,Active,,Unreserved,"SIPCOT Industrial Innovation & Scaleup Grant from Startups/Innovators to enable innovators and start-ups with deep-tech solutions across the industrial, aerospace, defense, sustainability, and urban tech sectors with funding tech/product development, user trials & pilot deployments, pilot manufacturing, and product commercialization to accelerate product-market fit.","The SIPCOT Plug and Play Scheme aims to:
1. Provide ready-to-use industrial spaces with essential infrastructure to facilitate quick commencement of operations.
2. Reduce the startup time and capital expenditure for industries by offering pre-built facilities.
3. Enhance the ease of doing business in Tamil Nadu by streamlining the setup process for new industries.
4. Promote industrial growth in the state by attracting investments through efficient infrastructure support.
5. Support various sectors by offering flexible and scalable industrial spaces.",Developers and industrial units seeking to establish operations in Tamil Nadu's industrial parks can apply for the Plug and Play facilities through the tender process.,"Applicants must:
1. Participate in the tender-cum-auction process announced by SIPCOT.
2. Comply with the terms and conditions specified in the tender documents.
3. Demonstrate the capability to utilize the Plug and Play facilities for industrial purposes.",Interested parties can participate in the tender-cum-auction process for allotment of Plug and Play facilities by submitting bids as per SIPCOT's guidelines.,,,https://sipcotweb.tn.gov.in/,https://www.sipcot.tn.gov.in/webroot/img/Tender-Document-Plug-and-Play-10052021.pdf,,,"Address: 
State Industries Promotion Corporation of Tamil Nadu Limited (SIPCOT), 
19-A, Rukmani Lakshmipathy Road, Egmore, 
Chennai – 600 008, Tamil Nadu, India.

Phone: 044-45261777
Email: tapals@sipcot.in
Biz Buddy Contact: +91-9894322233",tapals@sipcot.in,4445261777,https://d287f3ceccc71f65c5997d1c29e7ef00.cdn.bubble.io/f1746102502886x105526157933020670/tn-logo.png,,,,"May 1, 2025 5:58 pm","May 1, 2025 5:58 pm",[],
109.0,1746104128716x402342007781720060,SEED FUNDING,SEED FUNDING,State Government,Rajasthan,Grant,Not specified,Idea stage to POC,Others,,Active,Applications are accepted on a rolling basis throughout the year.,Youth,"To support startups at the idea/prototype stage, the Government of Rajasthan under the policy provisions provides seed funding support to the startups of iStart Rajasthan. Seed funding is expected to be used by startups to mature their product/ services to the idea/prototype stage and develop the startups for the subsequent rounds of support and funding.","The iStart Rajasthan Seed Funding Scheme aims to:
1. Provide financial assistance to early-stage startups to support their growth and development.
2. Encourage innovation and entrepreneurship within the state.
3. Facilitate the transition of startups from the idea/prototype stage to a market-ready product.
4. Support startups in achieving sustainability and scalability.
5. Enhance the startup ecosystem in Rajasthan by providing necessary resources and support.","Startups registered under the iStart Rajasthan program, particularly those at the idea or prototype stage, are eligible to apply for seed funding.","1. The startup must be at the Idea/Prototype stage.
2. The startup should be registered with iStart Rajasthan.
3. The startup should not have received seed funding, marketing assistance, or techno fund from iStart in the last six months.","Startups can apply for seed funding by logging into the iStart Rajasthan portal, navigating to the 'Financial Incentives' section, and submitting the application form along with required documents.",,,https://istart.rajasthan.gov.in/pages/schemes,"https://istart.rajasthan.gov.in/public/ss/Funding_Process_for_Startup.pdf , https://istart.rajasthan.gov.in/public/pdf/Rajasthan_Startup_Policy_2022.pdf",,,"Address: 
Department of Information Technology & Communication, 
IT Building, Yojana Bhawan, Tilak Marg, C-Scheme, 
Jaipur – 302005, Rajasthan, India.

Phone: 0141-2922286 / 2922373 / 2929831
Toll-Free: 181 (Rajasthan Sampark)
Email: tapan@rajasthan.gov.in (Nodal Officer: Tapan Kumar SA, Joint Director)",helpdesk.istart@rajasthan.gov.in,1412922373,https://d287f3ceccc71f65c5997d1c29e7ef00.cdn.bubble.io/f1746102727532x703664702077584100/Rajasthan.png,,,,"May 1, 2025 6:25 pm","Nov 8, 2025 1:58 pm",[],
110.0,1746105062932x485244855701209100,STARTUP ODISHA: WOMEN LED START-UPS,STARTUP ODISHA: WOMEN LED START-UPS,State Government,Odisha,Grant,"Upto ₹16,00,000",Idea stage to POC,Others,,Active,,Women,"The monthly allowance of ₹22,000 where the woman founder has at least 50 percent equity in the startup entity. Upto ₹1.6 million towards product development and marketing assistance.","The scheme aims to empower women entrepreneurs in Odisha by providing:
1. Monthly Allowance: ₹22,000 per month for up to one year to recognized startups where women, transgender individuals, or members of SC/ST/SEBC/PH categories hold at least 50% equity. 
2. Product Development & Marketing Assistance: Up to ₹16 lakh for product development and marketing/publicity, subject to specific eligibility conditions. 
3. Need-Based Assistance: Support for costs related to raw materials, components, or equipment essential for innovation, provided on a case-by-case basis. 
4. Financial Support for Event Participation: Assistance for travel and stall setup costs when representing the state in reputed national and international events. 
5. Subsidized Incubation: 50% subsidy on monthly rental (up to ₹5,000) for incubation space for a maximum of one year at recognized incubators.","Startups recognized under the Startup Odisha initiative, particularly those led by women, transgender individuals, or members of SC/ST/SEBC/PH categories with at least 50% equity, are eligible to apply.","1. The startup must be recognized by Startup Odisha.
2. For enhanced benefits, women, transgender individuals, or members of SC/ST/SEBC/PH categories must hold at least 50% equity in the startup.
3. To qualify for product development and marketing assistance, the startup must meet at least one of the following conditions:
a. Received equity financing of at least ₹25 lakh from SEBI-registered AIF Category I & II funds or angel networks.
b. Secured a funding/grant sanction letter of at least ₹5 lakh from the Government of India or any State Government.
c. Achieved a revenue run rate of ₹2.5 lakh per month over the last six months.",Recognized startups can apply online through the Startup Odisha portal by submitting the standard application form and required documents.,https://startupodisha.gov.in/wp-content/uploads/2021/07/Operationalguidelines_StartupOdisha.pdf,,,,,,"Address: 
Startup Odisha, 2nd Floor, 
Tower-A, Odisha Startup Incubation Centre (O-HUB), 
SEZ Road, Chandaka, 
Bhubaneswar – 751024, Odisha, India.

Phone: 0674-2586176
Toll-Free: 1800-345-7100
Email: startup.odisha@gov.in

Visiting Hours: Monday to Saturday (working days), 10:30 AM – 5:00 PM",startup.odisha@gov.in,6742586176,https://d287f3ceccc71f65c5997d1c29e7ef00.cdn.bubble.io/f1746103143980x218633826821674760/odisha.png,,,,"May 1, 2025 6:41 pm","May 1, 2025 6:42 pm",[],
111.0,1746107171815x935548055794221000,STARTUP ODISHA: SUBSIDISED INCUBATION,STARTUP ODISHA: SUBSIDISED INCUBATION,State Government,Odisha,Subsidy,,Idea stage to POC,Others,,Active,Applications are accepted on a rolling basis; startups can apply at any time through the Startup Odisha portal.,"Women , SC/ST , Backward Class , Youth","Subsidy benefits to the extent of 50 percent of the monthly rental of the incubation space (subject to a maximum of ₹ 5000) for a period of a maximum of one year, for getting incubated at any of the incubators recognized by the Startup Odisha Initiative.","The Subsidised Incubation Scheme under Startup Odisha aims to support recognized startups by providing affordable incubation spaces. Key features include:
1. Rental Subsidy: Recognized startups can avail a subsidy of 50% on the monthly rental cost of incubation spaces, up to a maximum of ₹5,000 per month, for a period of up to one year. 
2. Eligibility of Incubators: The subsidy is applicable when startups are incubated at any incubator recognized by the Startup Odisha Initiative. 
3. Focus on Inclusivity: Special emphasis is placed on supporting startups led by women, transgender individuals, and members of SC/ST/SEBC/PH categories.
4. Support for Innovation: The scheme encourages innovation by reducing overhead costs, allowing startups to allocate more resources towards product development and market entry.
5. Integration with Other Benefits: Startups availing this scheme may also be eligible for other incentives under the Startup Odisha initiative, such as product development assistance and financial support for event participation.",Startups that are recognized by Startup Odisha and are incubated at any incubator recognized under the Startup Odisha Initiative are eligible to apply.,"1. The startup must be recognized by Startup Odisha.
2. The startup should be incubated at an incubator recognized by the Startup Odisha Initiative.
3. The subsidy is available for a maximum period of one year and can be availed only once by a startup.",Recognized startups can apply online through the Startup Odisha portal by submitting the specified application form.,,,,,,,"Address: 
Startup Odisha, 2nd Floor, Tower-A, 
Odisha Startup Incubation Centre (O-HUB), 
SEZ Road, Chandaka, 
Bhubaneswar – 751024, Odisha, India.

Phone: 0674-2586176
Toll-Free: 1800-345-7100
Email: startup.odisha@gov.in

Visiting Hours: Monday to Saturday (working days), 10:30 AM – 5:00 PM",startup.odisha@gov.in,6742586176,https://d287f3ceccc71f65c5997d1c29e7ef00.cdn.bubble.io/f1746103161196x141669587642094600/odisha.png,,,,"May 1, 2025 7:16 pm","Nov 8, 2025 1:59 pm",[],
112.0,1746179050968x226199890501304320,Maharashtra State Innovation Society,Maharashtra State Innovation Society,State Government,Maharashtra,Equity,"Upto ₹10,00,000",Idea stage to POC,Others,,Active,Applications are accepted on a rolling basis; startups can apply at any time through partner incubators.,Youth,"The Maharashtra State Innovation Society (MSInS) promotes innovation to reduce economic disparities in the state. It supports startups, incubators, accelerators, researchers, and government agencies, offering resources, networking opportunities, mentorship, and guidance. MSInS focuses on technology-driven solutions, sustainable development, education, healthcare, and more, aiming to create a significant socio-economic impact in Maharashtra.","1. The Maharashtra State Innovation Society (MSInS), established under Maharashtra's Department of Skill Development and Entrepreneurship, is dedicated to fostering innovative solutions aimed at reducing economic disparities within the state.
2. MSInS acts as a crucial platform connecting academics, entrepreneurs, researchers, and government bodies in Maharashtra, drawing inspiration from global best practices to cultivate a strong culture of innovation.
3. This society extends its support to a wide array of stakeholders within Maharashtra's innovation ecosystem, including startups, incubators, accelerators, researchers, and various government agencies, facilitating collaboration and growth.
4. Engaging with MSInS provides beneficiaries in Maharashtra with valuable access to essential resources, strategic networking opportunities, expert mentorship, and insightful guidance to advance their innovative projects.
5. MSInS strategically focuses on diverse and impactful niches, encompassing technology-driven solutions, sustainable development initiatives, advancements in education and healthcare, and more, all geared towards Maharashtra's specific needs.
6. While based in Maharashtra, the initiatives and successes of MSInS serve as a relevant model for fostering innovation and addressing socio-economic challenges in other states across India.","Startups that are legally recognized entities, or those that will register within three months of incubation or pre-incubation, are eligible to apply.","1. Must be a legally recognized entity.
2. If not already registered, the startup must register within three months of the incubation or pre-incubation period.
3. The startup should be incubated at an incubator recognized by MSInS.","Startups can apply through partner incubators like KIT Innovation & Research Foundation or MAGIC Incubation Council, where applications undergo screening, expert evaluation, pitch presentation, and final selection.",,,https://www.msins.in/,https://www.kitirf.com/funding-msins-seed-fund.php,,,"Maharashtra State Innovation Society (MSInS):
Address: 
1st Floor, Dilwara CHS, 
Queens Barracks Area, 
Maharshi Karve Road, 
Mumbai, Maharashtra, 400021

Phone: +91 22 3554 3099
Email: team@msins.in 

KIT Innovation & Research Foundation:
Address: 
R.S. No. 199B/2, 
Near Chitranagari, 
Kolhapur 416234, Maharashtra

Phone: +91 95183 92480
Email: nidhitbi@kitcoek.in 

MAGIC Incubation Council:
Address: 
Chamber of Marathwada Industries & Agriculture – CMIA Building, 
Plot No. 2, Bajaj Bhavan, Station Road, 
Aurangabad – 431005

Website: https://magicincubation.com/msins-seed-fund/",team@msins.in,2235543099,https://d287f3ceccc71f65c5997d1c29e7ef00.cdn.bubble.io/f1746163913500x800485103241323100/GF_0000064.jpg,,,https://www.youtube.com/channel/UCocqBhWb0xKDrm8FRfhaF6w,"May 2, 2025 3:14 pm","Nov 8, 2025 2:00 pm",[],
113.0,1746180260607x160954182049988600,STARTUP MP - ASSISTANCE ON INVESTMENT RECEIVED BY START-UPS,STARTUP MP - ASSISTANCE ON INVESTMENT RECEIVED BY START-UPS,State Government,Madhya Pradesh,Subsidy,Not specified,Seed,,,Active,Applications are accepted on a rolling basis throughout the year.,Youth,"The scheme offers assistance to startups with investments from SEBI or RBI-recognized institutions. Benefits include 15% assistance up to ₹1.5 million on investments, with an additional 20% for women-led startups. It also provides lease rental assistance of 50% up to ₹5,000/month for 3 years and patent support up to ₹500,000.","1. This initiative offers crucial financial support to startups across India that have successfully secured investments from financial institutions recognized by SEBI or RBI.
2. Eligible startups can receive substantial assistance equivalent to 15 percent of their initial investment, with a maximum payout capped at ₹1.5 million, providing vital capital during early growth stages.
3. Recognizing the importance of fostering women's entrepreneurship, the program provides an enhanced level of support to startups founded by women, offering an assistance rate of 20 percent on their first investments.
4. This financial assistance is strategically designed to support startups through multiple stages of development, with the specified percentage payable separately for each of the first four investment rounds a startup receives.
5. To help mitigate operational overheads, the program also includes lease rental assistance, covering 50 percent of the monthly lease expenses up to a maximum of ₹5,000 for a duration of three years.
6. Furthermore, the initiative recognizes the significance of intellectual property and provides support to startups for obtaining patents, offering financial assistance of up to ₹500,000 for this critical aspect of innovation and business development.",Startups recognized under the Madhya Pradesh Startup Policy 2022 that have received external investment are eligible to apply.,"1. The startup must be recognized under the Madhya Pradesh Startup Policy 2022.
2. The startup should have received investment from external sources such as angel investors, venture capitalists, or other institutional investors.
3. Additional specific criteria may apply; applicants should refer to the detailed guidelines on the official portal.","Eligible startups can apply through the official Startup MP portal: 
https://startup.mp.gov.in/support",,,https://startup.mp.gov.in/support,,,,"Startup MP – MAP_IT
Address: 
MAP_IT, 47-A, Arera Hills, 
Bhopal, Madhya Pradesh – 462011

Phone: +91-755-2518702
Email: startup@mp.gov.in",startup-centre@mp.gov.in,7553524017,https://d287f3ceccc71f65c5997d1c29e7ef00.cdn.bubble.io/f1746179347062x883425800015638900/madhya%20pradesh.jpg,,,,"May 2, 2025 3:34 pm","Nov 8, 2025 2:01 pm",[],
114.0,1746181619055x243186121046753280,STARTUP MP - SUPPORT FOR PRODUCT BASED START-UPS,STARTUP MP - SUPPORT FOR PRODUCT BASED START-UPS,State Government,Madhya Pradesh,Grant,,,,,Active,Applications are accepted on a rolling basis throughout the year.,Youth,"Product-based startups receive additional support, including reimbursement of skill development and training expenses up to ₹13,000 per employee per year for three years for up to 25 employees. They also qualify for an Employment Generation Grant of ₹5,000 per month per new employee for up to 25 employees for three years, promoting job creation and skill enhancement.","1. Recognizing the specific needs of product-based startups across India, this initiative provides additional financial support beyond the standard assistance programs.
2. To encourage workforce skill development, eligible product-based startups can receive reimbursement for expenditure on skill development and training for up to 25 new employees, at a rate of ₹13,000 per employee per year for a period of three years.
3. The initiative also features an Employment Generation Grant, designed to incentivize job creation within product-focused startup units during their crucial early years.
4. Under this grant, employers are eligible to receive financial assistance of ₹5,000 per month for each new employee hired (up to a maximum of 25 employees) within the first three years from the commencement of commercial production.
5. This dual-pronged approach aims to alleviate the financial pressures associated with both talent cultivation and workforce expansion, which are particularly significant for product-oriented ventures.
6. By specifically targeting businesses that are developing and manufacturing products, this additional support seeks to strengthen innovation and the manufacturing sector within the broader Indian startup ecosystem, ultimately contributing to economic growth and employment.",,"1. The startup must be recognized under the Madhya Pradesh Startup Policy 2022.
2. The startup should be engaged in the development or manufacturing of tangible products.
3. Additional specific criteria may apply; applicants should refer to the detailed guidelines on the official portal.","Eligible startups can apply through the official Startup MP portal: 
https://startup.mp.gov.in/support",,,https://startup.mp.gov.in/support,,,,"Startup MP – MAP_IT
Address: 
MAP_IT, 47-A, Arera Hills, 
Bhopal, Madhya Pradesh – 462011

Phone: +91-755-2518702
Email: startup@mp.gov.in",startup-centre@mp.gov.in,7553524017,https://d287f3ceccc71f65c5997d1c29e7ef00.cdn.bubble.io/f1746180400761x144058146958049740/madhya%20pradesh.jpg,,,,"May 2, 2025 3:57 pm","Nov 8, 2025 2:01 pm",[],
115.0,1746181931608x657882890034479100,STARTUP MP - STATE INNOVATION CHALLENGE,STARTUP MP - STATE INNOVATION CHALLENGE,State Government,Madhya Pradesh,Grant,"Upto ₹1,00,00,000",Idea Stage,,,Active,Applications are accepted on a rolling basis throughout the year.,Youth,"Start-ups selected on high-impact economic-social problems of the state, selected on the basis of recommendation of various departments would be provided a grant of up to ₹10 million. They would also be exempted or reimbursed for all necessary license and consent charges. They would also be supported through procurement assistance in the state for two years.","The State Innovation Challenge is an initiative by the Government of Madhya Pradesh aimed at fostering innovation and entrepreneurship within the state. Key focus areas include:
1. Encouraging Innovative Solutions: Promoting unique and practical solutions to address pressing societal and industrial challenges.
2. Supporting Early-Stage Startups: Providing a platform for startups in the ideation or prototype stage to showcase and develop their ideas.
3. Facilitating Government Collaboration: Enabling startups to collaborate with government departments for pilot projects and solution implementation.
4. Providing Financial Assistance: Offering grants or financial support to selected startups to aid in product development and scaling.
5. Building an Innovation Ecosystem: Creating a supportive environment that nurtures innovation through mentorship, networking, and resource sharing.","Startups recognized under the Madhya Pradesh Startup Policy 2022, particularly those offering innovative solutions to government or societal challenges, are eligible to apply.","1. The startup must be recognized under the Madhya Pradesh Startup Policy 2022.
2. The startup should be in the ideation or prototype stage with a focus on innovative solutions.
3. The proposed solution should address specific challenges faced by government departments or society at large.
4. Additional specific criteria may apply; applicants should refer to the detailed guidelines on the official portal.","Startups can apply online through the official Startup MP portal: 
https://startup.mp.gov.in/support",,,,,,,"Startup MP – MAP_IT
Address: 
MAP_IT, 47-A, Arera Hills, 
Bhopal, Madhya Pradesh – 462011

Phone: +91-755-2518702
Email: startup@mp.gov.in",startup-centre@mp.gov.in,7553524017,https://d287f3ceccc71f65c5997d1c29e7ef00.cdn.bubble.io/f1746180535872x792249181680557800/madhya%20pradesh.jpg,,,,"May 2, 2025 4:02 pm","Nov 8, 2025 2:02 pm",[],
116.0,1746183444207x538517256221491200,STARTUP KARNATAKA AMRITA,STARTUP KARNATAKA AMRITA,State Government,Karnataka,Grant,"Upto ₹50,00,000",Idea stage to POC,,,Not active,"Applications were accepted from December 20, 2021, to January 29, 2022.","Backward Class , Minority","The STARTUP KARNATAKA AMRITA program supports innovative startups in Karnataka, particularly those from OBC and Minority communities, through the Idea2PoC Grant-in-Aid Seed Funding Scheme. It provides financial assistance, mentorship, and resources to help these startups scale up their products or solutions, fostering innovation across various sectors in the state.","1. STARTUP KARNATAKA AMRITA, an initiative by the Government of Karnataka, focuses on supporting innovative startups originating from the Other Backward Classes (OBC) and Minority communities within the state.
2. The program aims to facilitate the growth and scaling of products or solutions developed by these targeted startups, enabling them to reach their next stage of development.
3. Through the Grant-in-Aid Seed Funding Scheme known as Idea2PoC, AMRITA intends to support 75 innovative startups from the OBC and Minority communities in Karnataka with crucial financial backing.
4. While the precise funding amounts can vary based on the specific needs and potential of the selected startups, the program is designed to provide significant government support for their scaling endeavors.
5. AMRITA fosters innovation across a diverse array of sectors within Karnataka, encouraging startups from various niches to develop and implement their groundbreaking ideas.
6. The core principles of supporting underrepresented communities in the startup ecosystem and fostering innovation are relevant to national entrepreneurship efforts across India.","Startups registered in Karnataka, led by entrepreneurs from the Other Backward Classes (OBC) or Minority communities, are eligible to apply.","1. Entity Type: Private Limited Company, One Person Company (OPC), Limited Liability Partnership (LLP), or Partnership Firm registered in Karnataka.
2. Turnover: Total revenue since incorporation should be less than INR 100 Crore.
3. Age of Startup: Not more than 10 years old as of November 30, 2021.
4. Innovation: Should be working towards innovation, development, or improvement of products or services, or have a scalable business model with high potential for employment generation or wealth creation.
5. Ownership:
i. For OBC Entrepreneurs: At least one Director/Partner should belong to the OBC community, holding a minimum of 51% share, and continue in the business for at least 3 years post-benefit.
ii. For Minority Entrepreneurs: At least one Director/Partner should belong to a Minority community, holding a minimum of 51% share, and continue in the business for at least 1 year post-benefit.
6. Caste Certificate: The concerned Director/Partner should possess a valid digital caste certificate issued by the Revenue Department, Government of Karnataka, with a valid RD number.
7. Exclusions: Startups that have previously won grants under schemes like Idea2PoC, Grand Challenges, or Unnati were not eligible.","Eligible startups can apply online through the official Startup Karnataka portal: 
https://www.missionstartupkarnataka.org/amrita2021/",,,https://www.missionstartupkarnataka.org/amrita2021/,,,,"Address: 
BMTC – Central Offices Building, 
TTMC ‘B’ Block, 4th Floor, 
Shanthinagar, KH Road, 
Bengaluru – 560 027

Phone: +91-80-22231007
Email: startupcell@karnataka.gov.in
Additional Contacts:
i. Elevate Program: elevate-ktech@ka.gov.in
ii. General Inquiries: itbtsec@karnataka.gov.in",,,https://d287f3ceccc71f65c5997d1c29e7ef00.cdn.bubble.io/f1746182891000x222013497553741320/Karnataka.png,,,,"May 2, 2025 4:27 pm","May 5, 2025 7:31 pm",[],
117.0,1746184762690x725919955254771700,KITVEN,KARNATAKA INFORMATION TECHNOLOGY VENTURE FUND (KITVEN),State Government,Karnataka,"Equity , Convertible Debentures","Upto ₹3,50,00,000",Not specified,,,Active,Applications are accepted on a rolling basis; there is no specific deadline.,Unreserved,"The Karnataka Information Technology Venture Capital Fund (KITVEN Fund) supports startups and high-growth ventures in Karnataka's IT, biotechnology, and knowledge-based sectors. It provides crucial capital, networking opportunities, mentorship, and guidance to foster innovation, job creation, and economic growth in the state, focusing on companies with strong management, attractive markets, and future potential.","1. The Karnataka Information Technology Venture Capital Fund (KITVEN Fund) was established by the Government of Karnataka to specifically fuel the growth of emerging companies within the state's information technology, biotechnology, and knowledge-based sectors.
2. Its primary objectives include providing essential financial support and valuable resources to startups and high-growth potential ventures, thereby fostering innovation and creating employment opportunities within Karnataka.
3. The KITVEN Fund offers significant benefits to Karnataka-based startups, incubators, accelerators, and entrepreneurs, including access to critical capital, valuable networking connections, and expert mentorship and guidance.
4 The fund strategically focuses its investments on companies operating within the information technology, biotechnology, and knowledge-based industries in Karnataka, prioritizing ventures with strong leadership, substantial market opportunities, high earnings potential, and a clear competitive edge.
5. By concentrating on these key niches, the KITVEN Fund plays a vital role in bolstering Karnataka's knowledge-based economy by supporting the development of innovative and high-potential businesses.
6. The KITVEN Fund's model of targeted investment in technology and knowledge sectors offers valuable insights for other states in India seeking to strengthen their own innovation ecosystems.","Startups, early-stage companies, and SMEs operating in Karnataka, particularly in sectors like biotechnology, information technology, and animation, visual effects, gaming, and comics (AVGC), are eligible to apply.","1. The company should be registered and operational in Karnataka.
2. Should be an early-stage or growth-stage startup or SME.
3. Must operate in sectors aligned with the specific KITVEN fund, such as biotechnology for KITVEN Fund-3 or AVGC for KITVEN Fund-4.
4. Should have a scalable business model with potential for significant growth and employment generation.",Startups can apply by submitting the online application form available at KITVEN Application Form or by sending an executive summary via email to info@kitven.in.,,,http://www.kitven.in/,,,,"Address: 
Khanija Bhavan, 4th Floor, 
East Wing, No. 49, Race Course Road, 
Bengaluru – 560001, India

Phone: +91-80-22231007
Email: info@kitven.in","jkumar@kitven.in , manish@kitven.in , info@kitven.in",8022386836,https://d287f3ceccc71f65c5997d1c29e7ef00.cdn.bubble.io/f1746183571272x626634793232565500/Karnataka.png,,,,"May 2, 2025 4:49 pm","May 2, 2025 4:50 pm",[],
118.0,1746186671020x295107558148145150,SCFS,STARTUP JK (JAMMU AND KASHMIR): SEED CAPITAL FUND SCHEME (SCFS),State Government,Jammu and Kashmir,Grant,"Upto ₹75,00,000",Idea stage to POC,,,Active,Applications are accepted on a rolling basis; there is no specific deadline.,"Minority , Youth","Seed Capital Fund Scheme (SCFS) is an important component of ""Sher-e- Kashmir Employment and Welfare Programme for Youth (SKEWPY)"" which in turn is a path-breaking initiative of the government of Jammu and Kashmir for addressing unemployment in the state. Under SCFS, seed money of up to ₹0.75 million is provided to eligible youth. The seed capital is like a one-time grant given to the entrepreneurs for making their business plans bankable. The rest of the business cost is provided through bank finance on low interest rates.","1. The Seed Capital Fund Scheme (SCFS) is a key element of the ""Sher-e- Kashmir Employment and Welfare Programme for Youth (SKEWPY),"" a significant initiative by the government of Jammu and Kashmir aimed at tackling unemployment within the state.
2. Under the SCFS, eligible young entrepreneurs in Jammu and Kashmir can receive seed money of up to ₹0.75 million to help them establish their own businesses.
3. This seed capital functions as a one-time grant specifically intended to make the entrepreneurs' business plans more attractive and viable for traditional banking institutions.
4. The remaining financial requirements for the business venture are then facilitated through bank finance, often provided at relatively low interest rates, complementing the initial seed funding.
5. By offering this upfront financial support, the SCFS aims to empower young individuals in Jammu and Kashmir to pursue entrepreneurial opportunities and contribute to the state's economic growth.
6. The combination of seed capital and accessible bank financing provides a crucial pathway for aspiring entrepreneurs to overcome initial financial hurdles and establish sustainable businesses.",Unemployed residents of Jammu & Kashmir aged between 18 and 40 years (up to 42 years for differently-abled individuals) with a minimum educational qualification of 10+2.,"1. Residency: Must be a domicile of Jammu & Kashmir.
2. Age: 18–40 years for general candidates; up to 42 years for differently-abled individuals.
3. Education: Minimum qualification of 10+2.
4. Employment Status: Must be unemployed and registered with the District Employment and Counseling Center (DECC).
5. Entrepreneurial Status: Should be a first-generation entrepreneur; existing businesses or those who have availed benefits from other government 
6. Entity Type: Individuals only; institutions, corporate bodies, societies, or NGOs are not eligible.",Eligible applicants can apply online through the StartupJK portal or submit their application via the Jammu & Kashmir Entrepreneurship Development Institute (JKEDI).,,,http://www.startupjk.com/welcome/schemeseedcapital,,,,"Head Office: Pampore Campus, Pulwama, J&K

Phone:
i. Kashmir: 01933-222265/66
ii. Jammu: 01923-222412/13
iii. Ladakh: 01982-252239

Email: info@jkedi.org
Website: www.jkedi.org

StartupJK Helpline:
i. +91-7006714776

ii. +91-7006504038",ray.vishal@jk.gov.in,9419216208,https://d287f3ceccc71f65c5997d1c29e7ef00.cdn.bubble.io/f1746185215197x937256995759324400/startupjk-logo-web_rs.png,,,,"May 2, 2025 5:21 pm","Nov 8, 2025 2:03 pm",[],
119.0,1746186952095x315381316135419900,YSLS,STARTUP JK (JAMMU AND KASHMIR): YOUTH STARTUP LOAN SCHEME (YSLS),State Government,Jammu and Kashmir,Loan,"Upto ₹80,00,000",Idea stage to POC,,,Active,Applications are accepted on a rolling basis; there is no specific deadline.,Youth,"Under this scheme, Youth Startup Loan Scheme (YSLS) programme, projects costing up to ₹0.8 million are directly financed at 6 percent simple interest. Though the process is the same as the Seed Capital Fund Scheme of Startup JK, it differs on the resource front. Instead of the grant, YSLS offers a loan to a maximum of ₹0.8 million for startups at only six percent of simple interest and that can cover up to 90 percent of the project cost.","1. Affordable Financing: Provides direct off-bank loans up to ₹8 lakh at a 6% simple interest rate to support youth in establishing their own ventures. 
missionyouth.jk.gov.in
2. Skill Development: Mandatory three-week Entrepreneurship Development Program (EDP) training, developed in collaboration with international organizations like Making Cents, focusing on experiential learning and simulation exercises. 
3. Inclusive Eligibility: Targets unemployed youth aged 18–40 years (up to 42 years for differently-abled individuals) with a minimum qualification of 10+2.
4. High Funding Coverage: Covers up to 90% of the project cost, with the remaining 10% to be contributed by the beneficiary. 
5. Employment Generation: Aims to foster self-employment and entrepreneurship among the youth of Jammu & Kashmir.",Unemployed residents of Jammu & Kashmir aged between 18 and 40 years (up to 42 years for differently-abled individuals) with a minimum educational qualification of 10+2.,"1. Residency: Must be a domicile of Jammu & Kashmir.
2. Age: 18–40 years for general candidates; up to 42 years for differently-abled individuals.
3. Education: Minimum qualification of 10+2.
4. Employment Status: Must be unemployed and registered with the District Employment and Counseling Center (DECC).
5. Entrepreneurial Status: Should be a first-generation entrepreneur; existing businesses or those who have availed benefits from other government schemes are not eligible.
6. Entity Type: Individuals only; institutions, corporate bodies, societies, or NGOs are not eligible.",Applicants can apply online through the StartupJK portal or offline at JKEDI offices across Jammu & Kashmir.,,,http://www.startupjk.com/welcome/schemeyouthstartup,,,,"Head Office: Pampore Campus, Pulwama, J&K

Phone:
i. Kashmir: 01933-222265/66
ii. Jammu: 01923-222412/13
iii. Ladakh: 01982-252239

Email: info@jkedi.org
Website: www.jkedi.org

StartupJK Helpline:
i. +91-7006714776
ii. +91-7006504038",ray.vishal@jk.gov.in,9419216208,https://d287f3ceccc71f65c5997d1c29e7ef00.cdn.bubble.io/f1746185315243x141883968480054360/startupjk-logo-web_rs.png,,,,"May 2, 2025 5:25 pm","Nov 8, 2025 2:04 pm",[],
120.0,1746188412632x153212619156094980,SVCL,SIDBI VENTURE CAPITAL LIMITED,CGPS Undertaking,,Equity,"₹10,00,00,000 - ₹60,00,0,000",Seed,,,Active,Applications are accepted on a rolling basis; there is no specific deadline.,Unreserved,"SIDBI Venture Capital Limited (SVCL) supports economic growth in India by investing in startups, SMEs, and businesses across various sectors, including technology, manufacturing, agri-business, and financial inclusion. SVCL provides tailored funding, strategic guidance, mentorship, and networking opportunities to help businesses grow and thrive.","1. SIDBI Venture Capital Limited (SVCL), a subsidiary of the Small Industries Development Bank of India (SIDBI), was established with the core mission of promoting economic growth and development across India.
2. As an experienced investment management company, SVCL acts as a versatile resource by supporting a diverse range of economic segments and business types throughout the nation.
3. Key beneficiaries of SVCL's various funding initiatives include startups, early-stage technology ventures, manufacturing SMEs, service sector companies, agri-businesses, and entities focused on financial inclusion.
4. SVCL does not adhere to a fixed average funding amount, as it strategically manages multiple funds that target specific sectors and different stages of business development across India.
5. Entrepreneurs and businesses that secure support from SVCL gain access to more than just capital; they also benefit from strategic guidance, valuable mentorship, and extensive networking opportunities facilitated by SVCL's expertise and connections.
6. By providing both financial and strategic support, SVCL plays a crucial role in nurturing the growth and long-term success of businesses across India's diverse economic landscape.","Unlisted companies across various sectors, including startups, early-stage technology businesses, manufacturing SMEs, service entities, agri-businesses, and financial inclusion companies, seeking venture capital investment.","1. Company should be unlisted at the time of investment.
2. Strong and ethical leadership team capable of executing innovation-based business models or robust scalable businesses.
3. Fund-specific restrictions may apply regarding amount, geography, and sector.","Submit an executive summary of your business plan, including management profiles, financials, and industry details, via email to the respective fund's contact.",,,https://sidbiventure.co.in/,,,,"SIDBI Venture Capital Limited
2nd Floor, Swavalamban Bhavan,
C-11, G-Block,
Bandra Kurla Complex,
Bandra (East),
Mumbai - 400 051

Telephone: 022 – 6753 1202
Email: info@sidbiventure.co.in","adhish@sidbiventure.co.in , info@sidbiventure.co.in",2267531202,https://d287f3ceccc71f65c5997d1c29e7ef00.cdn.bubble.io/f1746187692788x250729782087350430/FUND_000011.png,https://d287f3ceccc71f65c5997d1c29e7ef00.cdn.bubble.io/f1746188541120x380153398093047200/Screenshot2025-01-20003142.webp,,,"May 2, 2025 5:50 pm","May 2, 2025 5:53 pm",[],
121.0,1746189680948x701677708747735000,NVCL,NEDFI VENTURE CAPITAL LIMITED,CGPS Undertaking,,"Equity , Convertible Debentures","₹25,00,000 - ₹10,00,00,000",Not specified,,,Active,Applications are accepted on a rolling basis throughout the year.,Unreserved,"NEDFI Venture Capital Limited (NVCL) aims to stimulate economic growth and entrepreneurship in India's northeastern region through a ₹100 crore fund. It invests in equity and equity-related ventures, prioritizing sectors with growth and job creation potential, and has received contributions from Ministry of DoNER, NEDFi, and SIDBI.","1. NEDFI Venture Capital Limited (NVCL) was established with the specific aim of stimulating economic growth and fostering entrepreneurship within the northeastern region of India.
2. Operating with a significant fund of ₹100 crore, NVCL is a collaborative initiative between the Ministry of Development of North Eastern Region (M-DoNER) and the North Eastern Development Finance Corporation Limited (NEDFi).
3. As a wholly-owned subsidiary of NEDFi, NVCL's primary objective is to generate attractive risk-adjusted returns over the long term through investments in privately negotiated equity and equity-related ventures.
4. The fund's initial corpus of ₹75 crore (₹45 crore from M-DoNER and ₹30 crore from NEDFi) was further augmented by an in-principle commitment of an additional ₹25 crore from the Small Industries Development Bank of India (SIDBI), bringing the total to ₹100 crore.
5. NVCL's investment strategy is strategically oriented towards promoting entrepreneurship and driving economic development specifically within the northeastern states of India.
6. While specific investment niches may evolve, NVCL is likely to prioritize sectors that demonstrate substantial potential for growth and the creation of employment opportunities within this unique and developing region of India.",Startups recognized by the Department for Promotion of Industry and Internal Trade (DPIIT) and registered as Private Limited Companies.,"1. Domicile of Manipur by birth (for Manipur Startup Venture Fund applicants).
2. Early revenue growth-stage startup with a market-fit product or service that has the potential to scale.
3. Utilization of technology in the core product, service, or business model to address the targeted problem.
4. Strong management team with a commitment to the startup's success.",Submit a brief write-up or PowerPoint presentation detailing your business proposal via email to nevf@nedfi.com.,,,https://www.nedfiventure.com/,,,,"NEDFi Venture Capital Limited
NEDFi House, Dispur, G.S. Road,
Guwahati, Assam – 781006

Phone: +91-361-2237711
Email: nevf@nedfi.com","ntl@nedfi.com , nvcl@nedfi.com , contact@nedfiventure.com , nicksonsharma1@gmail.com , mail@nedfi.com , nickson@nedfiventure.com , nevf@nedfi.com",8800381059,https://d287f3ceccc71f65c5997d1c29e7ef00.cdn.bubble.io/f1746188658277x300035081317891140/GF_0000006.jpg,,,,"May 2, 2025 6:11 pm","May 2, 2025 6:13 pm",[],
122.0,1746190511341x463550800481484800,GAIL PANKH - STARTUP FUNDING SCHEME OF GAS AUTHORITY OF INDIA LIMITED,GAIL PANKH - STARTUP FUNDING SCHEME OF GAS AUTHORITY OF INDIA LIMITED,CGPS Undertaking,,Equity,"Upto ₹5,00,00,00,000",Not specified,,,Active,"The latest solicitation round was open from June 19 to July 18, 2024. Future rounds are announced periodically; applicants should monitor GAIL's official website for updates.",Unreserved,"GAIL (India) Limited supports growth and development in the energy sector, including natural gas, petrochemicals, and city gas distribution. It offers financial assistance, investment opportunities, and strategic support to businesses, startups, and ventures in these sectors, providing access to substantial resources, industry expertise, and networking opportunities.","1. GAIL (India) Limited, a government fund, was established with the core objective of supporting and promoting diverse sectors within the energy industry in India.
2. The fund's focus encompasses key areas such as natural gas, liquid hydrocarbons, LPG transmission, petrochemicals, city gas distribution, exploration and production, GAILTEL, and electricity generation.   
3. Businesses, startups, and established ventures operating within these energy-related sectors across India are the primary beneficiaries of GAIL's support.
4. GAIL offers a range of assistance, including financial investment opportunities and strategic support, tailored to the specific needs and potential of individual projects or business proposals.   
5. While the level of financial support varies significantly on a case-by-case basis, recipients gain access to substantial financial resources, valuable industry expertise, and important networking opportunities within the energy sector.
6. By strategically investing in and supporting energy-related ventures, GAIL aims to foster innovation, growth, and development across India's energy landscape.","Indian startups recognized by the Department for Promotion of Industry and Internal Trade (DPIIT), operating in GAIL's focus areas.","1. Registered as a private limited company, partnership firm, or limited liability partnership in India.
2. Recognized as a startup by DPIIT.
3. Incorporated within the last 10 years.
4. Annual turnover not exceeding ₹100 crore in any financial year since incorporation.
5. Working towards innovation, development, or improvement of products, processes, or services.
6. Not formed by splitting up or reconstructing an existing business.
7. Not blacklisted by any government entity or incubation center.
8. Promoters should have no criminal cases pending in any court of law in India or abroad.",Submit your proposal online through the GAIL PANKH portal: Proposal Submission Form.,,,https://gailonline.com/,,,,"GAIL (India) Limited
16, Bhikaiji Cama Place, R.K. Puram, 
New Delhi - 110066, India

Phone: +91-11-26172580
Email: startup@gail.co.in
Website: https://gailonline.com","corpcomm@gail.co.in , info@gail.co.in",1126182955,https://d287f3ceccc71f65c5997d1c29e7ef00.cdn.bubble.io/f1746190291805x732633206540474800/FUND_000938.jpg,,https://www.instagram.com/gailindia/,https://www.youtube.com/c/GAILSocial,"May 2, 2025 6:25 pm","May 2, 2025 6:39 pm",[],
123.0,1746191265999x988895042840559600,BPCL ANKUR - BHARAT PETROLEUM CORPORATION LIMITED (BPCL) STARTUP FUNDING SCHEME,BPCL ANKUR - BHARAT PETROLEUM CORPORATION LIMITED (BPCL) STARTUP FUNDING SCHEME,CGPS Undertaking,,Equity,"Upto ₹5,00,00,000",Idea stage to POC,,,Active,"For the 'Emerge' cohort:
1. Application Deadline: April 22, 2025
2. Pitching of shortlisted startups: May 2025
3. Due diligence of selected startups: June 2025
4. Final investment decision: July 2025",Unreserved,"The BPCL Project Ankur Scheme supports early-stage startups and innovative concepts in India, offering grant funding up to ₹1.5 crore, mentorship, and access to industry expertise and networks. Initiated in 2016 under the Startup India initiative, it nurtures entrepreneurship and helps innovative ideas grow into thriving startups.","1. The Bharat Petroleum Corporation Limited (BPCL) Project Ankur Scheme was established in 2016 as part of the Startup India initiative to nurture early-stage startups and innovative concepts across India.
2. Project Ankur's primary goal is to create a supportive ecosystem that cultivates entrepreneurship by providing assistance to help innovative ideas develop into successful startups.
3. This scheme is particularly beneficial for startups throughout India seeking initial financial support and expert guidance to translate their innovative ideas into viable businesses.
4. Serving as both a nursery and a launch pad, Project Ankur offers selected startups grant funding of up to a maximum of ₹1.5 crore to fuel their early development.
5. Beyond financial support, BPCL Project Ankur provides invaluable mentoring and strategic guidance, leveraging BPCL's industry expertise and extensive networks to benefit the startups.
6. Open to startups from a wide range of sectors across India, Project Ankur aims to support a diverse spectrum of innovative ideas and contribute to the growth of the national startup ecosystem.","Indian citizens, including:
1. Individuals of Indian origin willing to work in India
2. Individuals affiliated with academic institutions having incubation centres approved by the Central Government
3. Intrapreneurs from BPCL","1. Startups must have developed a Proof of Concept (PoC), prototype, Minimum Viable Product (MVP), or a fully implemented solution in the Oil & Gas sector or any other industry and are now ready to expand into Oil & Gas.
2. Applicants should be working on themes like energy efficiency, city gas distribution, AI-driven technologies, etc.","Submit your proposal online through the BPCL Startup portal: 
https://startup.bpcl.in",,,https://www.bharatpetroleum.in/bharat-petroleum-for/project-ankur.aspx,https://industries.cg.gov.in/startupcg/pdf/bpcl_ankur.pdf,,,"BPCL Startup Team
Email: z_bpclstartup@bharatpetroleum.in

IDBI Capital Markets & Securities Ltd
6th Floor, IDBI Tower, World Trade Centre, Cuffe Parade, Mumbai 400005
Phone: +91-22-2217 1700
Email: mdavf@idbicapital.com, brbascst@idbicapital.com",z_bpclstartup@bharatpetroleum.in,,https://d287f3ceccc71f65c5997d1c29e7ef00.cdn.bubble.io/f1746190616457x171945017206507360/GF_0000065.jpg,,,,"May 2, 2025 6:37 pm","May 2, 2025 6:38 pm",[],
124.0,1746192023404x889788130994421800,IFCI VENTURE CAPITAL FUND FOR BACKWARD CLASSES,IFCI VENTURE CAPITAL FUND FOR BACKWARD CLASSES,CGPS Undertaking,,"Equity , Convertible Debentures","₹20,00,000 - ₹15,00,00,000",Not specified,,,Active,Applications are accepted on a rolling basis. The Screening Committee meets fortnightly to examine cases received till the end of the preceding month.,"Backward Class , Youth","The IFCI Venture Capital Fund for Backward Classes supports entrepreneurship among BC individuals, offering financial assistance up to ₹5 crores for up to 8 years. It provides access to capital, mentoring, and guidance, aiming to empower BC entrepreneurs economically and reduce societal disparities.","1. The ""IFCI Venture Capital Fund for Backward Classes"" was established by the Government of India under the Ministry of Social Justice and Empowerment with the specific objective of promoting entrepreneurship within Backward Classes (BC) communities across the nation.
2. This fund serves as a vital financial support mechanism designed to empower BC entrepreneurs and foster their economic advancement through access to necessary capital.
3. The primary beneficiaries of this fund are entrepreneurs, including startups, incubators, and accelerators that are led by individuals belonging to the Backward Classes.
4. Eligible BC entrepreneurs can receive substantial financial assistance of up to Rs. 5 crores, with a repayment period extending up to 8 years, providing significant long-term financial backing for their ventures.
5. Beyond providing crucial capital, the fund also offers valuable mentoring and guidance to BC entrepreneurs, aiming to enhance their chances of success and sustainable business growth.
6. By specifically targeting and supporting entrepreneurs from Backward Classes, this initiative directly contributes to the reduction of economic disparities and promotes greater inclusivity within India's entrepreneurial landscape.","Entrepreneurs belonging to Backward Classes (BCs) with at least 51% ownership and management control in companies operating in manufacturing, services, allied sectors, or startups.","1. The enterprise should be in operation for at least 6 to 12 months.
2. At least 51% of the shareholding and management control should be with BC entrepreneurs.
3. Applicable to projects/units in manufacturing, services, allied sectors, and startups.",Submit the completed application form online or via email to fundsbc@ifciventure.com.,,,https://www.vcfsc.in/vcfbc/index.html,https://www.ifciventure.com/images/themes/gavias_carina/pdf/Venture-Capital-Fund%20-for-Backward-Classes.pdf,,,"IFCI Venture Capital Funds Ltd.
16th Floor, IFCI Tower, 61, Nehru Place, New Delhi – 110019

Phone: 011-4173 2518/09/67/76/70/81/90/82/07, 011-26453359
Email: fundsbc@ifciventure.com","funds@ifciventure.com , fundsbc@ifciventure.com , asiim@ifciventure.com , business@ifciventure.com",1126453348,https://d287f3ceccc71f65c5997d1c29e7ef00.cdn.bubble.io/f1746191493811x844392480546320400/FUND_003766.jpg,,,,"May 2, 2025 6:50 pm","Nov 8, 2025 2:11 pm",[],
125.0,1746192663349x666649550509572100,HPCL UDYAM - HINDUSTAN PETROLEUM CORPORATION LIMITED STARTUP FUNDING SCHEME,HPCL UDYAM - HINDUSTAN PETROLEUM CORPORATION LIMITED STARTUP FUNDING SCHEME,CGPS Undertaking,,Equity,"₹50,00,000 - ₹2,50,00,000",Idea stage to POC,,,Active,Applications are accepted year-round through the HPCL Startup Portal.,Unreserved,"HPCL's Udgam program supports innovation and entrepreneurship in India's energy sector, targeting startups and entrepreneurs with promising ideas. It provides financial support, resources, and expertise to develop and validate concepts, focusing on areas like clean energy, energy efficiency, and sustainable practices. Funding varies based on project needs, evaluated on a case-by-case basis.","1. Hindustan Petroleum Corporation Limited (HPCL) established this fund with the strategic goal of fostering innovation and actively supporting entrepreneurship within India's dynamic energy sector.
2. Recognizing the critical role of new ideas and emerging technologies, HPCL initiated the Udgam program to specifically encourage startups and entrepreneurs to develop and validate innovative concepts relevant to the energy industry across the nation.
3. The fund primarily targets startups and individual entrepreneurs throughout India who possess promising and novel ideas and concepts within the energy domain.
4. Startups, incubators, accelerators, and individual innovators across the country can benefit from HPCL's support in their efforts to transform their ideas into commercially viable energy-related products or services.
5. While specific funding amounts are determined on a case-by-case evaluation of each project's scale and requirements, HPCL provides financial support that is tailored to align with the individual needs of promising initiatives.
6. HPCL's focus spans a broad spectrum of energy-related niches, including clean energy solutions, advancements in petroleum products, energy efficiency technologies, and the promotion of sustainable energy practices, aiming to drive progress in India's energy landscape.","Indian startups with a valid DPIIT recognition certificate, registered under the Indian Companies Act, 1956/2013.","1. Must be a DPIIT-recognized startup.
2. Should be registered under the Indian Companies Act, 1956/2013.
3. Focus on innovation, feasibility, potential impact, commercialization strategy, risk management, team capabilities, and project planning.","Submit your proposal online through the HPCL Startup Portal: 
https://startup.hpcl.co.in",,,https://www.hindustanpetroleum.com/,,,,"HPCL Startup Team
Email: startupquery@mail.hpcl.co.in
Corporate Headquarters
Phone: +91-22-22863900 / +91-22-22008243
Email: corphqo@hpcl.in","corphqo@hpcl.co.in , startupquery@mail.hpcl.co.in , corphqo@hpcl.in",2222863900,https://d287f3ceccc71f65c5997d1c29e7ef00.cdn.bubble.io/f1746192275924x165145141204080300/FUND_000654.jpg,,https://www.instagram.com/hpcl/,https://www.youtube.com/hindustanpetroleum74,"May 2, 2025 7:01 pm","May 2, 2025 7:01 pm",[],
126.0,1746251742083x424144180686094340,INDIAN OIL CORPORATION LIMITED STARTUP FUNDING SCHEME,INDIAN OIL CORPORATION LIMITED STARTUP FUNDING SCHEME,CGPS Undertaking,,Grant,"Upto ₹2,00,00,000",Idea stage to POC,,,Active,Applications are accepted through periodic Open Innovation Challenges announced by IndianOil.,Unreserved,"Indian Oil Corporation Limited supports growth and innovation in India's energy sector, including petroleum products, natural gas, and petrochemicals. It provides financial support, expertise, and guidance to stakeholders, including startups and research institutions, with funding amounts varying based on project requirements.","1. INDIAN OIL CORPORATION LIMITED established this fund with the core objective of supporting and advancing diverse sectors within India's energy industry.
2. Its primary focus is to foster growth and innovation in areas encompassing petroleum products, crude oil, natural gas, and petrochemicals across the nation.
3. The fund serves as a valuable resource for a wide array of stakeholders throughout India, including startups, incubators, accelerators, and research institutions operating within the energy and petrochemical sectors.
4. Financial support provided by the fund is commensurate with the specific requirements of each project or initiative, with funding amounts varying significantly based on scale and scope.
5. Beneficiaries gain access not only to crucial financial backing but also to the extensive expertise and strategic guidance offered by Indian Oil Corporation Limited, a leading entity in the energy sector.
6. The fund strategically prioritizes investments in key areas such as refining, pipeline transportation, petroleum product marketing, crude oil and gas exploration and production, natural gas marketing, and petrochemicals, aiming to strengthen India's energy infrastructure and innovation.","1. Indian citizens willing to work in India.
2. Non-Resident Indians (NRIs) willing to work and undertake projects in India.
3. Individuals affiliated with academic institutions having Central Government-approved incubation centres.
4. Intrapreneurs from IndianOil.","1. Innovative ideas in technology or business process re-engineering with significant business potential, social relevance, and environmental focus.
2. Projects aiming to establish or validate a Proof of Concept (PoC).
3. Applicants may be individuals or teams; however, once selected, the project cannot receive funding from other sources.
4. Intellectual Property Rights for work done under the scheme will be jointly owned by IOCL and the entrepreneur/innovator.",Submit your proposal through the dedicated online portal managed by Indian Oil Corporation Limited (IOCL).,,,https://www.iocl.com/,,,,"Indian Oil Corporation Limited
Research & Development Centre
Sector 13, Faridabad - 121007, Haryana, India

Phone: +91-129-2294201
Email: contact@iocl.com
Website: https://www.iocl.com",,18002333555,https://d287f3ceccc71f65c5997d1c29e7ef00.cdn.bubble.io/f1746251262813x696653059810329300/FUND_001087.jpg,,https://www.instagram.com/indianoilcorp,https://www.youtube.com/channel/UC5ho18VZHwEFSahW0Q_o-6g,"May 3, 2025 11:25 am","May 3, 2025 11:25 am",[],
127.0,1746252630382x149615662413381630,NABVENTURES FUND,NABVENTURES FUND,CGPS Undertaking,,Equity,Not specific,Early Stage,Agriculture,,Active,Applications are accepted on a rolling basis.,Unreserved,"NABVENTURES, a subsidiary of NABARD, supports early to mid-stage startups in agriculture, ag-tech, agri-biotech, food, agri/rural fintech, and rural businesses. It provides financial backing, mentorship, networking opportunities, and access to industry expertise, fueling growth and development in these crucial sectors.","1. Driving Sectoral Innovation: As a subsidiary of NABARD, the NABVENTURES FUND acts as a catalyst for growth and the introduction of new ideas within carefully selected industries.
2. Nurturing Early-Stage Ventures: The fund's core objective is to provide support and foster the development of startups as they navigate their initial and growth phases.
3. Focus on Rural and Agricultural Advancement: NABVENTURES strategically concentrates on sectors that are fundamental to the progress and prosperity of agriculture and rural areas.
4. A Valued Partner for Specific Startups: Entrepreneurs and innovators operating in fields such as agriculture, agricultural technology, agricultural biotechnology, food processing, financial technology for agriculture and rural areas, and broader rural businesses find a dependable ally in securing resources and guidance.
5. Providing Crucial Financial Impetus: While investment amounts can vary, NABVENTURES generally offers financial support to startups in their early to mid-stages, supplying the necessary capital to propel their expansion and evolution.
6. Offering Multifaceted Advantages Beyond Funding: Beyond financial assistance, the fund extends valuable benefits including mentorship from experienced professionals, opportunities for networking with industry peers, access to specialized knowledge, and the extensive resources and connections of NABARD.","Startups operating in agriculture and rural development sectors, including but not limited to:
1. Agritech
2. Food Processing
3. Animal Husbandry
4. Biotechnology
5. Supply Chain Management
6. Renewable Energy
7. Climate Change","1. Startups should be working in the agriculture and rural development sector.
2. They should be engaged in innovative, technology-driven, high-risk, high-impact activities.",Interested startups can submit their proposals via email to nabventure@nabard.org.,,,https://www.nabventures.in/,https://www.nabventures.in/pdf/faq.pdf,,,"Address:
NABVENTURES Limited
NABARD, Plot No. C-24, G Block, Bandra Kurla Complex,
Bandra (East), Mumbai 400051, India

Phone: +91-22-26539149
Email: nabventure@nabard.org","mcid@nabard.org , b.mento@nabard.org , nabventure@nabard.org , ad@nabard.org , nabardonline@gmail.com",2226539652,https://d287f3ceccc71f65c5997d1c29e7ef00.cdn.bubble.io/f1746252057337x296329481713102340/FUND_000803.jpg,,,https://www.youtube.com/@nabardonline,"May 3, 2025 11:40 am","May 3, 2025 11:43 am",[],
128.0,1746253215594x768898967223664600,OIL AND NATURAL GAS CORPORATION (ONGC) STARTUP FUND,OIL AND NATURAL GAS CORPORATION (ONGC) STARTUP FUND,CGPS Undertaking,,Equity,Not specified,Not specified,,,Active,Applications are accepted on a rolling basis.,Unreserved,"ONGC's fund supports India's energy sector, focusing on oil and natural gas exploration, development, and production. It provides financial backing, technical expertise, and industry knowledge, facilitating collaboration and access to resources. The fund also invests in research and development, sustainability initiatives, and clean energy projects.","1. Securing India's Energy Future: Established by the Oil and Natural Gas Corporation Ltd (ONGC), the fund's fundamental purpose is to bolster the exploration, development, and production of oil and natural gas within India to guarantee a consistent supply of these essential energy resources.
2. Benefitting the Broader Energy Landscape: The fund primarily serves the energy sector in India, extending support to startups, academic institutions, and various organizations engaged in ventures connected to oil and natural gas.
3. Promoting Sustainability and Innovation: Beyond its core focus, the fund also champions initiatives geared towards environmental sustainability and the advancement of energy technologies.
4. Providing More Than Just Capital: ONGC offers beneficiaries not only financial support but also significant technical expertise and in-depth industry knowledge, adding substantial value to their endeavors.
5. Facilitating Collaboration and Access: The fund actively encourages partnerships with experienced professionals and provides access to crucial infrastructure and resources required for the successful execution of oil and natural gas projects.
6. Strategic Investment in Energy Development and Research: ONGC's investments are primarily directed towards projects involving the exploration, drilling, and production of oil and natural gas, alongside backing research and development efforts aimed at enhancing efficiency and sustainability in the energy sector. Furthermore, it supports initiatives focused on clean and renewable energy to mitigate environmental impact.","Individuals, teams, or entities with innovative ideas in the energy sector, including Indian citizens and NRIs willing to work in India.","1. Applicants should have innovative ideas in the energy sector.
2. Preference for startups in early stages of development.
3. Applicants must not have received funding from other sources for the same project.","Submit your application through the official ONGC Startup portal: 
https://startup.ongc.co.in/web/ongcstartup/apply-now-2",,,https://www.ongcindia.com/,,,,"ONGC Startup Cell
4th Floor, Tower A, Pandit Deendayal Upadhyay Urja Bhavan,
Plot No. 5, Vasant Kunj, Nelson Mandela Marg,
New Delhi - 110070, India

Phone:
011-2675 4156
011-2675 4157
011-2675 4158
011-2675 4194

Email: start-up@ongc.co.in",csr@ongc.co.in,1126750998,https://d287f3ceccc71f65c5997d1c29e7ef00.cdn.bubble.io/f1746252959064x200452005036534140/FUND_001083.jpg,,https://www.instagram.com/ongcofficial/,https://www.youtube.com/@ONGCLtd1,"May 3, 2025 11:50 am","May 3, 2025 11:50 am",[],
129.0,1746257900023x683380485050335200,SBI,STATE BANK OF INDIA,CGPS Undertaking,,Loan,"Upto ₹50,00,00,000",Not specified,,,Active,Applications are accepted on a rolling basis,Unreserved,"The State Bank of India (SBI) provides a wide range of banking and financial services to individuals, businesses, startups, and entrepreneurs, supporting economic growth and development in India. Its services include mass banking, retail banking, commercial banking, rural banking, and foreign exchange, making it a cornerstone of the country's financial system.","1. Serving Diverse Financial Needs: Established to address a broad spectrum of banking and financial requirements across India.
2. A Pillar of the National Financial System: Functions as a fundamental institution, delivering essential banking services to individuals, businesses, and rural communities.
3. Benefitting a Wide Range of Stakeholders: Its services are advantageous for individuals, businesses of all sizes, startups, and entrepreneurs throughout the nation.
4. Crucial for Economic Progress: Plays a significant role in fostering economic expansion and overall development within India.
5. Operating Across Multiple Banking Sectors: Actively involved in mass banking, retail banking, commercial banking, rural banking, foreign exchange services, and technology-driven banking.
6. Offering Versatile Investment Opportunities: Its engagement in these diverse sectors creates a wide array of potential investment avenues within India's financial environment.","1. MSME UDAAN: Startups registered as MSMEs with valid Udyam Registration and recognized by DPIIT. 
2. IT-ISEP: Indian firms not subsidiaries or associates of foreign companies, recognized as startups by DPIIT.","MSME UDAAN:
1. Registered as MSME with Udyam Registration.
2. DPIIT-recognized startup.
3. Not older than 10 years.
4. Turnover not exceeding ₹100 crore in any financial year.
5. Innovative business model with potential for employment generation or wealth creation.
6. Support from recognized incubator/accelerator/investor.
7. Equity portion fully tied-up. 

IT-ISEP:
1. Indian firm/company.
2. Not a subsidiary or associate of a foreign company.
3. Not formed by splitting or reconstructing an existing business.
4. Recognized as a startup by DPIIT.
5. Not older than 10 years.
6. Turnover not exceeding ₹100 crore in any financial year.
7. Commitment to provide training and knowledge transfer to SBI within three years or before project termination.","1. MSME UDAAN: Apply online through the SBI SME Loans portal or visit designated startup branches. 
2. IT-ISEP: Submit applications via the IT-ISEP portal.",,,https://www.sbi.co.in/,,,,"Toll-Free Numbers:
i. 1800 1234
ii. 1800 2100
iii. 1800 11 2211
iv. 1800 425 3800

Email:
1. customercare@sbi.co.in
2. contactcentre@sbi.co.in

Website: https://sbi.co.in/web/customer-care/contact-us",socialconnect@sbi.co.in,1800112211,https://d287f3ceccc71f65c5997d1c29e7ef00.cdn.bubble.io/f1746256950952x943944522829571600/FUND_000705.jpg,,https://www.instagram.com/theofficialsbi/,https://www.youtube.com/theofficialsbi,"May 3, 2025 1:08 pm","May 3, 2025 1:08 pm",[],
130.0,1746258914526x279061028976197630,SNEH,START-UP NURTURING ENABLING & HANDHOLDING (SNEH) SCHEME OIL INDIA LIMITED (OIL),CGPS Undertaking,,Grant,Not specified,Not specified,,,Active,Applications are accepted on a rolling basis.,Unreserved,"The SNEH Scheme by Oil India Limited supports startups in the oil and energy sector, offering financial aid, guidance, mentorship, and monitoring. It fosters innovation and entrepreneurship, enhancing startup success chances, and focuses on energy production, conservation, and sustainability.","1. Comprehensive Support for Budding Entrepreneurs: Established by OIL to offer extensive assistance to new businesses through financial aid, guidance, mentorship, and ongoing monitoring.
2. Fostering Innovation in the Energy Sector: The scheme aims to cultivate innovation and entrepreneurial spirit specifically within the oil and energy industry.
3. Benefitting Startups and Incubators: Primarily advantageous for startups operating in the oil and energy sector, and also provides support to incubators and accelerators that nurture growth in this field.
4. Significant Advantages Through Holistic Support: Offers crucial benefits like mentorship and guidance, which greatly improve the likelihood of success for supported startups.
5. Strategic Investment in Oil and Energy Innovation: Primarily focuses its investments within the oil and energy sector, encouraging the development of novel solutions for energy production, conservation, and sustainability.",Startups recognized by the Department for Promotion of Industry and Internal Trade (DPIIT) and incorporated within two years from the date of application.,"1. Must be a DPIIT-recognized startup, incorporated within two years at the time of application.
2. Should have a business idea with potential for market fit, viable commercialization, and scalability.
3. Must utilize technology in its core product/service, business model, distribution model, or methodology.
4. Should not have received more than ₹10 lakh of monetary support under similar schemes from other organizations (excluding prize money, subsidized working space, founder allowance, access to labs, or prototyping facilities).
5. Indian promoters must hold at least 51% shareholding as per the Companies Act, 2013 and SEBI (ICDR) Regulations, 2018 at the time of application.
6. No support will be provided to any startup more than once under this policy.","Submit your application through the official OIL website: 
https://www.oil-india.com/start-fund",,,https://www.oil-india.com/Scheme.aspx,,,,"Corporate Office:
Oil India Limited
Plot No. 19, Sector 16A,
NOIDA, G.B. Nagar (UP) - 201301, India
Phone: 0120 - 2419000
Email: oilindia@oilindia.in 

Registered Office:
Oil India Limited
Duliajan - 786 602, Assam, India
Phone: +91-0374-2800548 (General Manager, Contracts)
Email: oilindia@oilindia.in",startup@oilindia.in,1202419139,https://d287f3ceccc71f65c5997d1c29e7ef00.cdn.bubble.io/f1746258374133x667452225049751700/GF_0000059.png,,,,"May 3, 2025 1:25 pm","May 3, 2025 1:25 pm",[],
131.0,1746260155479x798819939175366700,SBICAPS,SBI CAPITAL MARKETS,CGPS Undertaking,,"Equity , Loan , Convertible Debentures","₹25,00,000 - ₹2,00,00,000",Growth Stage,,,Active,There is no specific application timeline. Startups and companies can approach SBICAPS at any time for their services.,Unreserved,"SBI Capital Markets Ltd (SBICAPS) supports Indian startups with seed funding (INR 25 lakhs to INR 2 crore) for product development, market entry, and scaling. It offers mentorship, guidance, and financial resources, fostering innovation and entrepreneurship across sectors like technology, healthcare, renewable energy, and fintech.","1. Dedicated to Startup Promotion and Support: Established with the primary goal of fostering and assisting startups throughout India.
2. Benefitting Key Players in the Startup Ecosystem: Primarily supports startups, incubators, accelerators, and individual entrepreneurs seeking financial backing to launch their businesses.
3. Providing Crucial Early-Stage Funding: Offers average seed funding ranging from INR 25 lakhs to INR 2 crore to startups in their initial phases, aiding in product development, market entry, and scaling.
4. Offering Valuable Resources Beyond Capital: The fund's advantages include access to essential financial resources, mentorship, and guidance from seasoned professionals to help startups navigate business challenges.
5. Driving Innovation and Economic Progress: Actively fosters innovation and entrepreneurship, thereby contributing to economic growth and the creation of employment opportunities.
6. Investing Across Diverse High-Growth Sectors: Focuses its investments on a wide range of promising areas such as technology, healthcare, renewable energy, fintech, and more, encouraging innovation across various industries.","Businesses, including startups, that are seeking investment banking services such as project advisory, capital raising, or corporate restructuring can approach SBICAPS.","While there are no publicly specified eligibility criteria, SBICAPS typically engages with entities that have:
1. A clear business plan and financial projections.
2. Compliance with regulatory requirements.
3. A need for services like capital raising, mergers and acquisitions advisory, or project financing.","SBICAPS does not have a publicly listed startup funding application process. Startups seeking financial advisory or capital raising services should contact SBICAPS directly through their official website: 
https://www.sbicaps.com/",,,https://www.sbicaps.com/,,,,"Corporate Office:
SBI Capital Markets Limited
202, Maker Tower ‘E’, Cuffe Parade,
Mumbai – 400005, India
Phone: +91 (22) 2217 8300
Email: helpdesk@sbicaps.com
Website: https://www.sbicaps.com

Regional Offices:
SBICAPS has regional offices in New Delhi, Kolkata, Chennai, Hyderabad, Ahmedabad, and Bengaluru. The Bengaluru office focuses on startups, infrastructure, and defense sectors.","corporate.office@sbicaps.com , roshan.negi@sbicaps.com , dipal.talsania@sbicaps.com , vedavyasa.rao@sbicaps.com",9901911733,https://d287f3ceccc71f65c5997d1c29e7ef00.cdn.bubble.io/f1746259146108x837786124954547500/FUND_003301.png,"https://d287f3ceccc71f65c5997d1c29e7ef00.cdn.bubble.io/f1746260467728x374317006542559000/1725015471785.jpeg , //d287f3ceccc71f65c5997d1c29e7ef00.cdn.bubble.io/f1746260477794x607569445217048600/1715762746013.jpeg , //d287f3ceccc71f65c5997d1c29e7ef00.cdn.bubble.io/f1746260486330x753984833884602500/1743655672280.jpg",,,"May 3, 2025 1:45 pm","May 3, 2025 1:51 pm",[],
132.0,1746266474724x474518203399143400,USP,"UBHARTE SITAARE PROGRAMME, INDIA EXIM BANK",CGPS Undertaking,,"Equity , Loan",Not specified,Early Stage,,,Active,Applications are accepted on a rolling basis; there is no specific deadline.,Unreserved,"The Ubharte Sitaare Programme (USP) supports Indian companies with export potential, providing a mix of equity, debt, and technical assistance to help them overcome challenges and tap their growth potential. It focuses on companies with technological, product, or process advantages.","1. Identifying Future Export Leaders: The program's main objective is to discover Indian companies that possess the potential to become significant players in the export market.
2. Focusing on Companies with Inherent Advantages: It seeks out companies that have distinct advantages in technology, product offerings, or production processes.
3. Supporting Companies Regardless of Current Performance: The program extends support even to companies that may be currently struggling or unable to fully realize their growth potential.
4. Providing Comprehensive Diagnostic and Support: USP analyzes the challenges faced by these companies and offers tailored support through a combination of equity investment, debt financing, and technical assistance.","Small and mid-sized Indian companies with an annual turnover up to ₹500 crore, possessing a unique value proposition in technology, products, or processes, and demonstrating potential for export growth.","1. Unique value proposition in technology, products, or processes aligning with global requirements.
2. Fundamentally strong with acceptable financials and outward orientation.
3. Annual turnover up to approximately ₹500 crore.
4. Good business model, strong management capabilities, and focus on product quality.
5. Indicative sectors include Automobiles, Aerospace, Capital Goods, Chemicals, Defence, Food Processing, IT & ITeS, Machinery, Pharmaceuticals, Precision Engineering, Textiles, and allied sectors.","Submit your application by contacting India Exim Bank via email at seed@eximbankindia.in or by calling +91-22-22172600 / +91-11-24607700. Alternatively, you can apply through SIDBI's channels, including their website, branch offices, or regional offices.",,,https://www.eximbankindia.in/ubharte-sitaare,,,,"India Exim Bank:
Email: seed@eximbankindia.in
Phone: +91-22-22172600 / +91-11-24607700
Website: https://www.eximbankindia.in/ubharte-sitaare

SIDBI:
Email: bd.dcv@sidbi.in
Phone: 1800 226 753 (Toll-Free)
WhatsApp: +91 86930 33333","seed@eximbankindia.in , ccg@eximbankindia.in",2222172600,https://d287f3ceccc71f65c5997d1c29e7ef00.cdn.bubble.io/f1746261105951x358887396470001000/FUND_002322.jpg,,,https://www.youtube.com/@indiaeximbank1740,"May 3, 2025 3:31 pm","May 3, 2025 4:50 pm",[],
133.0,1746271094636x819028948965654500,BALMER LAWRIE STARTUP FUND,BALMER LAWRIE STARTUP FUND,CGPS Undertaking,,Grant,Not specified,Not specified,,,Active,Applications are accepted during specific rounds; Round 3 has been launched.,Unreserved,"The Balmer Lawrie Start-Up Fund supports innovation in areas like logistics, travel and hospitality, greases and lubricants, industrial packaging, chemicals, refinery and oil field services, and emerging sectors such as renewable energy, electric vehicles, and waste management.","1. Nurturing Innovation in Specific Sectors: The fund's primary focus is to foster innovative startups within a carefully selected range of business areas.
2. Targeting Key Logistics Services: This includes transportation, freight forwarding, container freight stations, cold chain logistics, and third-party logistics (3PL).
3. Supporting the Travel and Hospitality Industry: Encompasses ticketing services, tours, and vacation-related businesses.
4. Investing in Specialty Chemicals and Products: Includes greases and lubricants, industrial packaging solutions, and various chemicals like those used in leather, textile, and agriculture.
5. Focusing on Refinery and Oil Field Services: Supports startups operating within this specific energy-related sector.
6. Exploring Emerging and Sustainable Areas: Also considers investments in other promising fields such as renewable energy, electric vehicles, and waste-to-wealth initiatives.","Startups with innovative ideas that can be game changers in the industry or provide significant value, particularly in areas aligned with Balmer Lawrie's business interests.","1. Innovative startups with potential for significant industry impact.
2. Startups that align with Balmer Lawrie's business areas.
3. Startups seeking incubation and mentorship support.",Submit your application through the Balmer Lawrie Startup Fund portal or in collaboration with IIM Calcutta Innovation Park.,,,https://www.balmerlawrie.com/static/start-up_scheme,,,,"Address:
21, Netaji Subhas Road, 
Kolkata -700 001

Email: corpcomm@balmerlawrie.com

PHONE: 033-22225218",corpcomm@balmerlawrie.com,3322225218,https://d287f3ceccc71f65c5997d1c29e7ef00.cdn.bubble.io/f1746270236064x163181327840924000/GF_0000070.png,,,,"May 3, 2025 4:48 pm","May 3, 2025 4:49 pm",[],
134.0,1746272288128x545422446686896100,NIIFL,NATIONAL INVESTMENT AND INFRASTRUCTURE FUND LIMITED,CGPS Undertaking,,"Equity , Loan",Not specified,Growth Stage,,,Active,NIIF does not have a public application timeline. Engagements are typically initiated through direct communication and are evaluated on a rolling basis.,Unreserved,"The National Investment and Infrastructure Fund Limited (NIIF) supports India's infrastructure development by attracting domestic and foreign investments for critical projects. It focuses on sectors like transportation, energy, and infrastructure, promoting public-private partnerships and long-term sustainable development.","1. Boosting India's Infrastructure Development: Established as a crucial financial institution with the primary goal of accelerating infrastructure growth across the nation.
2. Addressing the Infrastructure Deficit: Instituted to tackle the significant shortfall in India's infrastructure by attracting both domestic and international investments for vital projects.
3. Attracting Long-Term and Patient Capital: A key advantage of NIIFL is its capacity to secure sustainable, long-term investments for infrastructure projects.
4. Facilitating Public-Private Partnerships: Actively promotes collaboration between the public and private sectors to ensure efficient and effective project implementation.
5. Strategic Investment in Critical Sectors: Primarily focuses its investments in essential areas such as commercial services, transportation, energy, and broader infrastructure.
6. A Strategic Player for Economic Growth: By concentrating on these vital sectors, NIIFL acts as a key driver for India's overall economic growth and development.","NIIF primarily partners with institutional investors, fund managers, and mid-to-large scale enterprises operating in infrastructure and related sectors.","While specific eligibility criteria are not publicly detailed, NIIF typically considers:
1. Established companies or funds with a strong track record.
2. Projects or funds focusing on infrastructure and related sectors.
3. Alignment with NIIF's investment strategies and objectives.",NIIF does not have a standardized public application process. Interested parties should directly contact NIIF through their official communication channels to explore potential investment opportunities.,,,https://www.niifindia.in/,niifindia.in/wp-content/uploads/2024/09/NIIF-Private-Markets-Driving-Impact-Through-Investments_vf.pdf,,,"Corporate Office:
National Investment and Infrastructure Fund Limited
3rd Floor, Hindustan Times House
18-20, Kasturba Gandhi Marg
New Delhi – 110001
Phone: +91 22 6264 6625
Website: https://www.niifindia.in

NIIF Infrastructure Finance Limited:
3rd Floor, UTI Tower, North Wing
GN Block, Bandra Kurla Complex
Bandra (E), Mumbai - 400 051
Email: info@niififl.in
Phone: +91 22 6859 1300",info@niifindia.in,1148987000,https://d287f3ceccc71f65c5997d1c29e7ef00.cdn.bubble.io/f1746271398056x742581511995532500/FUND_002303.jpg,,,,"May 3, 2025 5:08 pm","May 3, 2025 5:09 pm",[],
135.0,1746272640735x336130964038877200,ENGSUI,ENGINEERS INDIA LIMITED (EIL) STARTUP FUNDING PROGRAM,CGPS Undertaking,,Grant,Not specified,Not specified,,,Active,Applications are open until 29 April 2025.,Youth,"The EngSUI initiative by Engineers India Limited supports startups in areas like oil & gas technology, hydrocarbon sector innovations, IT, IIOT, renewable energy, waste management, and sustainability projects, including net-zero and environmental initiatives.","1. Supporting Startups in Alignment with Startup India: EngSUI is an initiative by EIL under the Government's Startup India program.
2. Encouraging Manufacturing for Oil & Gas Technology: Aims to develop the domestic capability to commercially produce and supply hardware for the oil and gas industry.
3. Fostering New Hydrocarbon Sector Technologies: Encourages the development of innovative processes and technologies relevant to the hydrocarbon sector.
4. Promoting IT and IIOT Solutions: Supports the creation of Information Technology (IT) and Industrial Internet of Things (IIOT) interventions applicable to the hydrocarbon industry.
5. Exploring Diverse and Emerging Areas: Encourages projects in lube packaging, renewable energy and storage, nanomaterials, engineering plastics from petrochemicals, waste to energy, raw material/catalyst replacement, biofuels, net-zero emissions, health, safety, and environment.",Startups recognized by the Department for Promotion of Industry and Internal Trade (DPIIT) working on innovative solutions in sectors aligned with EIL's business interests.,"1. DPIIT-recognized startups.
2. Innovative solutions in engineering and consultancy services, particularly in sectors like oil & gas, petrochemicals, infrastructure, and related areas.
3. Startups with a scalable business model and potential for employment generation or wealth creation.",Interested startups can apply through the official EIL website or the Startup India portal.,,,https://engineersindia.com/startup-india@eil,,,,"Corporate Office:
Engineers India Limited
EI Bhavan, 1, Bhikaiji Cama Place
New Delhi – 110066, India
Phone: +91-11-26762121
Email: eil.mktg@eil.co.in

Regional Offices:
1. Gurugram: Sector-16 (on NH-8), Gurugram, Haryana-122001
2. Mumbai: EI Bhawan, Plot No. 85, Sector-11, Kharghar – 410210, Navi Mumbai, Maharashtra, India
3. Kolkata: A.G. Towers (5th Floor), 125/1 Park Street, Kolkata – 700 017, West Bengal, India
4. Vadodara: Meghdhanush Complex, 4th & 5th Floor, Race Course Road, Near Transpek Circle, Vadodara – 390 015, Gujarat, India
5. Chennai: Engineers India Bhawan, Plot No. F-9, SIPCOT IT Park, First Main Road, Siruseri, Chennai – 603 103, Tamil Nadu, India",engsui@eil.co.in,,https://d287f3ceccc71f65c5997d1c29e7ef00.cdn.bubble.io/f1746271693138x270348974288916900/eil.png,,,,"May 3, 2025 5:14 pm","Nov 8, 2025 2:36 pm",[],
136.0,1746275900572x258479469126483970,INNOVATORS FOR BHARAT,INNOVATORS FOR BHARAT,CGPS Undertaking,,"Grant , Equity","₹3,25,00,000",Not specified,,,Active,Applications are accepted on a rolling basis. Interested startups should check the official website for current deadlines and application windows.,Youth,"The Innovators For Bharat initiative, a partnership between SBI Foundation and Villgro, supports startups in areas like climate-resilient agriculture, waste management, post-harvest loss reduction, and carbon impact measurement. It provides incubation, acceleration, and financial support of Rs 3.25 Crore through grants and equity.","1. Supporting High-Impact Incubators: An initiative by the SBI Foundation focused on empowering incubators that can provide effective incubation and acceleration support to startups.
2. Partnering with Villgro for a Challenge: SBI Foundation has collaborated with Villgro to launch the ""Innovators For Bharat"" challenge.
3. Targeting Specific Impactful Sectors: The challenge invites Minimum Viable Product (MVP) and growth-stage startups working in climate-resilient agriculture, waste-to-value solutions, reducing post-harvest losses, and carbon impact and measurement.
4. Providing Significant Financial Support: Villgro and SBI Foundation will deploy a total financial support of Rs 3.25 Crore through a combination of grants and equity investments.
5. Offering a High-Engagement Program: This initiative is designed to be a highly involved program for the selected startups and incubators.","Startups and social enterprises working on innovative, market-based models aimed at enhancing climate resilience in agriculture and improving livelihoods for smallholder farmers.","1. Must be a registered entity (for-profit or non-profit) in India.
2. Should have a working prototype or minimum viable product (MVP).
3. Focus areas include climate-smart agriculture, sustainable farming practices, agri-tech innovations, and solutions that enhance smallholder farmer resilience.",Interested startups can apply through the official Villgro website by submitting their application form.,,,https://villgro.org/programs/innovators-for-bharat-climate-resilient-agricultural-livelihoods/,,,,"Villgro Innovations Foundation
No. 3, 2nd Floor, 1st Cross Street,
Kasturba Nagar, Adyar,
Chennai – 600020, India

Phone: +91-44-4200-4113
Email: info@villgro.org
Website: https://villgro.org",info@sbifoundation.co.in,,https://d287f3ceccc71f65c5997d1c29e7ef00.cdn.bubble.io/f1746275934656x997952656725603800/villgro.png,https://d287f3ceccc71f65c5997d1c29e7ef00.cdn.bubble.io/f1746275926293x163479148252057440/download.jpg,,,"May 3, 2025 6:08 pm","Nov 8, 2025 2:38 pm",[],
137.0,1746276977865x455665422539948000,HINDUSTAN AERONAUTICS LIMITED SUPPORT FOR AEROSPACE START-UPS,HINDUSTAN AERONAUTICS LIMITED SUPPORT FOR AEROSPACE START-UPS,CGPS Undertaking,,Grant,Not specific,Not specified,,,Active,Applications are accepted on a rolling basis.,Youth,"Hindustan Aeronautics Limited (HAL) has formed an alliance with T-Hub to support startups in the aerospace and defence composite market. The partnership will offer industry expertise, resources, and access to markets, providing startups with the necessary tools to develop and scale their technologies. HAL will assist startups in building Proof of Concepts (PoC), giving them the opportunity to gain valuable industry expertise and support to bring their ideas to fruition.","1. Public Sector-Startup Collaboration: HAL has partnered with T-Hub to promote innovation in the aerospace and defense sectors by supporting Indian startups working on cutting-edge technologies.
2. Access to Infrastructure: Startups gain access to HAL’s advanced aerospace testing facilities, laboratories, and technical expertise for prototype development and proof-of-concept validation.
3. Funding & Grants: While direct investment details are limited, the program offers grant-based support, along with connections to investors via T-Hub’s network.
4. Mentorship & Technical Guidance: HAL engineers and domain experts provide deep technical mentorship to help startups align their innovations with industry needs.
5. Targeted Innovation Areas: Focus areas include UAVs, avionics, AI for defense, materials innovation, aerospace systems, and dual-use civilian-defense applications.
6. Early to Growth Stage Focus: Startups from the idea stage to early growth are eligible, with the initiative emphasizing scalable, high-impact, indigenous innovations.","Startups operating in the aerospace and defense sectors, focusing on innovative technologies and solutions, are eligible to apply.","1. Startups should be working on technologies relevant to aerospace and defense.
2. Applicants must be registered entities under applicable Indian laws.
3. Preference is given to startups developing solutions that can be integrated into HAL's operations or supply chain.",Startups interested in the HAL and T-Hub aerospace support program can apply through T-Hub's official channels.,,,https://hal-india.co.in/home,,,,"Hindustan Aeronautics Limited (HAL) Corporate Office
15/1, Cubbon Road
Bangalore 560 001, India
Phone: +91-80-2232 0578 (Customer Service)
Website: https://hal-india.co.in

T-Hub
IIIT-H Campus, Gachibowli
Hyderabad, Telangana 500032, India
Phone: +91-40-2354 1140
Email: info@t-hub.co
Website: https://t-hub.co",,,https://d287f3ceccc71f65c5997d1c29e7ef00.cdn.bubble.io/f1746276056521x324217267714108400/hal.png,,,,"May 3, 2025 6:26 pm","Nov 8, 2025 2:41 pm",[],
138.0,1746535140030x677209323065049100,Startup India Initiative,Startup India Initiative,Central Government,,Not specified,Not specified,Not specified,General,,Active,Applications for DPIIT recognition under the Startup India initiative are open throughout the year.,Youth,"The Startup India initiative simplifies regulations and offers benefits like funding opportunities, mentorship programs, and a startup ranking platform to boost visibility. It has supported over 58,000 startups, creating an estimated 1.75 lakh jobs.","1. A Foundational Initiative for Regulatory Ease: This flagship program acts as a cornerstone for the startup ecosystem by simplifying regulatory processes through self-certification and offering relaxations in compliance requirements.
2. Significant Beneficiary Reach and Job Creation: With a substantial impact, the program has already benefited over 58,000 startups and demonstrably contributed to the creation of an estimated 1.75 lakh jobs.
3. Facilitating Access to Funding Networks: Beyond regulatory support, the Startup India Hub serves as a vital platform connecting startups with relevant investors and broader funding networks.
4. Providing Guidance from Experienced Professionals: The initiative offers valuable mentorship programs, linking startups with seasoned industry veterans who can provide crucial guidance and insights.
5. Enhancing Visibility and Investor Attraction: The Startup Ranking Platform offers a mechanism for startups to gain visibility within the ecosystem and attract the attention of potential investors.","Entities operating in India as:
1. Private Limited Companies
2. Registered Partnership Firms
3. Limited Liability Partnerships (LLPs)

These entities should be working towards innovation, development, or improvement of products or services.","1. Company Age: Incorporated within the last 10 years.
2. Annual Turnover: Not exceeding ₹100 crore in any financial year.
3. Original Entity: Not formed by splitting or reconstructing an existing business.
4. Innovation: Should be working towards innovation or improvement of products/services and have the potential to generate employment or wealth.
5. DPIIT Recognition: Must obtain recognition from the Department for Promotion of Industry and Internal Trade (DPIIT).","Register your entity on the Startup India portal, complete the DPIIT recognition form, and submit required documents to obtain a recognition certificate.",,,https://www.startupindia.gov.in/content/sih/en/home-page.html,,,,"For Queries and Feedback:
Toll Free Number: 1-800-115-565

Office Address:
INVEST INDIA
110, Vigyan Bhavan Annexe,
001, Maulana Azad Road, 
New Delhi 110 001

Working Hours: 10:00 AM-5:00 PM (Mon to Fri)",,1800115565,https://d287f3ceccc71f65c5997d1c29e7ef00.cdn.bubble.io/f1746533223413x887437721315402400/startup%20india.png,,https://www.instagram.com/startupindia.gov.in/,https://www.youtube.com/channel/UCqFb-ynHTJ6_YRbdn-sFUvg,"May 6, 2025 6:09 pm","Nov 8, 2025 2:42 pm",[],
139.0,1746536004690x356291711114936300,AIM,Atal Innovation Mission,Central Government,,Grant,"Upto ₹10,00,00,000",Not specified,MSME,,Active,Application timelines vary by program and are announced periodically on the AIM website.,Youth,"Atal Innovation Mission (AIM) provides grants up to Rs. 10 crore, promoting innovation and entrepreneurship. It has established 75,794 Tinkering Labs and 708 Incubation Centers, supporting prototype development, market research, and capacity building for startups and educational institutions.","1. Significant Financial Empowerment: The Atal Innovation Mission (AIM) provides substantial financial support to selected initiatives, offering grants of up to Rs. 10 crore.
2. Nationwide Network of Innovation Hubs: Its widespread impact is demonstrated by the establishment of a vast network comprising 75,794 Atal Tinkering Labs and 708 Atal Incubation Centers throughout India, effectively cultivating a culture of creativity and problem-solving at grassroots and entrepreneurial levels.
3. Targeted Programs for Different Stages: The initiative encompasses distinct programs: Atal Tinkering Labs (ATL) are established in schools to cultivate scientific thinking and innovation among students, while Atal Incubation Centers (AIC) are set up to nurture and support startups across a diverse range of industries.
4. Comprehensive Development Support: AIM provides crucial support beyond initial setup, offering grants specifically for prototype development, conducting essential market research, and building the necessary capacity for sustained growth and impact.
5. Broad Eligibility for Participation: Educational institutions, existing incubators, and research institutions are eligible to apply for grants to establish either Atal Tinkering Labs within their facilities or new Atal Incubation Centers to foster entrepreneurship.","Eligibility varies by program:
1. Atal Incubation Centres (AICs): Academic institutions, R&D organizations, and private sector entities.
2. Atal Tinkering Labs (ATLs): Schools affiliated with recognized education boards.
3. Atal Community Innovation Centres (ACICs): Institutions in underserved regions, including NGOs and community-based organizations.
4. Atal New India Challenges (ANICs): Startups, MSMEs, and individual innovators.
5. ARISE: MSMEs and startups focusing on research and innovation.","Specific criteria include:
1. AICs: Entities with a proven track record in promoting innovation and entrepreneurship.
2. ATLs: Schools with a minimum of 1,500 sq. ft. dedicated space for the lab.
3. ACICs: Organizations with at least three years of operational experience and a commitment to community development.
4. ANICs: Indian companies incorporated under the Companies Act, primarily MSMEs or DPIIT-recognized startups, with a majority stake held in India and a working prototype relevant to the challenge area. 
5. ARISE: Entities focusing on applied research and innovation in collaboration with government ministries.","Interested entities can apply online through the AIM official website by selecting the relevant program (e.g., Atal Incubation Centres, Atal Tinkering Labs) and submitting the required documentation as per the specific program guidelines.",,,https://aim.gov.in/,,,,"Atal Innovation Mission (AIM), NITI Aayog
Sansad Marg, New Delhi – 110001, India
Email: md-aim@gov.in
Website: https://aim.gov.in/",,,https://d287f3ceccc71f65c5997d1c29e7ef00.cdn.bubble.io/f1746534468662x506137562124511700/atal.jpeg,https://d287f3ceccc71f65c5997d1c29e7ef00.cdn.bubble.io/f1746537161911x214410513573772380/atal.png,https://www.instagram.com/AIMToInnovate/,https://www.youtube.com/channel/UCnqXXpKfrOEK33yTuUGVkiQ,"May 6, 2025 6:23 pm","Nov 8, 2025 2:44 pm",[],
140.0,1746536887704x564875183419031550,STPI,Software Technology Parks of India,Central Government,,Not specified,"Upto ₹1,00,00,000",Not specified,,,Active,Application timelines vary by program and are announced periodically on the STPI Startup Portal.,Youth,"The Software Technology Parks of India (STPI) supports IT companies with tax benefits, infrastructure, and incubation facilities. It has nurtured over 85,000 units, generating exports worth Rs. 5.5 lakh crore, and promotes emerging tech through initiatives like ""STPI NEXT"".","1. A Key Partner for the IT Sector: For businesses operating within the Information Technology (IT) domain, the Software Technology Parks of India (STPI) serves as a significant ally in fostering growth and development.
2. Comprehensive Ecosystem Support: STPI provides a range of crucial benefits, including tax advantages, robust infrastructure support, and well-equipped incubation facilities, all aimed at nurturing the expansion of IT and IT-enabled Services (ITES) units.
3. Significant Reach and Export Contribution: The scheme has supported a substantial network of over 85,000 STPI units, which have collectively generated impressive exports valued at over Rs. 5.5 lakh crore, highlighting the scheme's substantial contribution to the Indian technology sector.
4. Financial and Infrastructural Advantages: The benefits offered include exemptions on profits and import duties, along with the provision of essential infrastructure within designated STPI centers across the country.
5. Targeting Export-Oriented Tech Businesses: The eligibility criteria for STPI support primarily focus on IT and ITES companies that have a clear intention and focus on exporting their services and products.
6. Focus on Future Technologies: Recognizing the evolving landscape of the tech industry, STPI has launched special initiatives like ""STPI NEXT,"" which specifically targets and supports companies working in emerging technologies such as Artificial Intelligence (AI), Augmented Reality/Virtual Reality (AR/VR), and the Internet of Things (IoT).","1. Startups: Registered with the Department for Promotion of Industry and Internal Trade (DPIIT) under the Startup India initiative.
2. Entities: Including private limited companies, partnership firms, and LLPs.
3. Individuals: Academicians, researchers, educators, and entrepreneurs. If selected, they must register as a private limited company within a stipulated time (preferably within 3 months).","1. Company Age: Incorporated within the last 10 years.
2. Annual Turnover: Not exceeding ₹100 crore in any financial year since incorporation.
3. Original Entity: Should not have been formed by splitting up or reconstructing an existing business.
4. Innovation: Working towards innovation, development, or improvement of products, processes, or services, or having a scalable business model with high potential for employment generation or wealth creation.","Interested applicants can apply online through the STPI Startup Portal by selecting the relevant program (e.g., LEAP, NGIS, CoEs) and submitting the required documentation as per the specific program guidelines.",,,http://stpi.in/en,,,,"Software Technology Parks of India (STPI)
Electronics Niketan, 6 CGO Complex, Lodhi Road, New Delhi – 110003, India
Phone: +91-11-2436-3205
Email: info@stpi.in
Website: https://stpi.in/",,,https://d287f3ceccc71f65c5997d1c29e7ef00.cdn.bubble.io/f1746535452192x543891801666152900/stpi.png,,,,"May 6, 2025 6:38 pm","Nov 8, 2025 2:45 pm",[],
141.0,1746537645872x193689941761589250,Ebiz Portal,Ebiz Portal,Central Government,,Not specified,Not specified,Not specified,,,Not active,,Unreserved,"Ebiz is a single-window platform that simplifies business registrations and approvals, processing over 1.3 crore registrations. It offers services like company registration, GST compliance, and licenses, with benefits including faster processing and online tracking.","1. A Unified Solution for Regulatory Hurdles: For entrepreneurs facing the complexities of registrations and approvals, Ebiz serves as a comprehensive, single-window platform designed to streamline these often-cumbersome processes.
2. Significant Time and Effort Savings: By consolidating various regulatory requirements into one platform, Ebiz demonstrably saves valuable time and effort for entrepreneurs seeking to establish and operate their businesses.
3. Proven Efficiency in Processing Registrations: The platform's effectiveness is highlighted by the impressive processing of over 1.3 crore registrations, showcasing its capacity to simplify business operations on a large scale.
4. Comprehensive Suite of Essential Services: Ebiz offers a wide array of crucial services, including company registration, Goods and Services Tax (GST) compliance, and assistance with obtaining various necessary licenses, approvals, and clearances.
5. Key Advantages for Businesses: Utilizing Ebiz provides businesses with the benefits of faster processing times for regulatory requirements, a convenient single point of access for all necessary procedures, and the ability to track the progress of their applications online.
6. Mobile Accessibility for Convenience: Recognizing the need for flexibility, Ebiz also offers a Mobile App, providing entrepreneurs with the convenience of accessing the platform's resources and services on the go.","Entrepreneurs, businesses, and investors seeking to obtain various government-to-business (G2B) services, including approvals, registrations, and licenses, can apply through the eBiz portal.","Eligibility varies based on the specific service:
1. Industrial License (IL): Required for industries under compulsory licensing.
2. Industrial Entrepreneur Memorandum (IEM): For entities not requiring an IL but needing to inform the government about their industrial undertakings.

Applicants must comply with the guidelines specified for each service.","Create an account on the eBiz portal, select the desired service (e.g., Industrial License, Industrial Entrepreneur Memorandum), fill in the application form, upload necessary documents, and make the required payment online.",,,https://www.india.gov.in/ebiz-portal-department-industrial-policy-and-promotion,,,,"Department for Promotion of Industry and Internal Trade (DPIIT)
Udyog Bhawan, New Delhi – 110011, India
Phone: +91-11-2306-1159
Email: dpiit[at]gov[dot]in
Website: https://dpiit.gov.in",,,https://d287f3ceccc71f65c5997d1c29e7ef00.cdn.bubble.io/f1746536156521x403942305310178700/ebiz.jpg,,,,"May 6, 2025 6:50 pm","May 6, 2025 6:50 pm",[],
142.0,1746538314279x355118920965816300,DIDF,Dairy Processing and Infrastructure Development Fund,Central Government,,"Loan , Subsidy",Not specified,Growth Stage,,,Active,"The scheme is open-ended, and applications can be submitted throughout the year.",Unreserved,"The Dairy Infrastructure Development Fund (DIDF) provides financial assistance with an outlay of Rs. 10,861 crore to set up or expand dairy processing units. It supports modernization, capacity building, and infrastructure development, benefiting over 5 lakh milk producers.","1. Financial Support for Dairy Sector Expansion: DIDF provides financial assistance to establish new or expand existing milk processing units, with a significant financial commitment of Rs. 10,861 crore.
2. Empowering Milk Producers for Inclusive Growth: The program aims to benefit over 5 lakh milk producers, fostering inclusive growth and development within the dairy sector.
3. Comprehensive Support for Infrastructure Development: DIDF offers grant-in-aid for various crucial aspects, including the modernization of existing processing units, the establishment of new units, and initiatives focused on capacity building within the dairy industry.
4. Wide Range of Eligible Beneficiaries: Dairy cooperatives, farmer-producer organizations (FPOs), and private companies operating in the dairy sector are eligible to receive support under this fund.
5. Focus on Strengthening Dairy Infrastructure: The financial assistance provided is specifically targeted towards the development of essential infrastructure, the acquisition of modern processing equipment, and the establishment of efficient cold chain facilities to improve the overall dairy ecosystem.","Eligible applicants include:
1. State Dairy Federations
2. District Milk Unions
3. Milk Producer Companies
4. Multi-State Cooperatives
5. State Government-owned Milk Companies","Applicants must:
1. Be involved in dairy development activities.
2. Have a viable project proposal aimed at strengthening dairy infrastructure.
3. Ensure the project contributes to increasing milk processing capacity, value addition, and quality of dairy products.","Interested entities can apply by submitting a Detailed Project Report (DPR) through the National Dairy Development Board (NDDB) or the National Cooperative Development Corporation (NCDC), depending on the implementing agency.",,,https://www.dahd.gov.in/schemes/programmes/didf,,,,"Department of Animal Husbandry and Dairying (DAHD)
Ministry of Fisheries, Animal Husbandry & Dairying
Krishi Bhawan, New Delhi – 110001, India
Phone: +91-11-2338-3116
Email: secy-ahd@nic.in
Website: https://www.dahd.gov.in",,,https://d287f3ceccc71f65c5997d1c29e7ef00.cdn.bubble.io/f1746537844152x330522376661201540/didf.png,,,,"May 6, 2025 7:02 pm","May 6, 2025 7:03 pm",[],
143.0,1746540011429x592605408185548800,SIPPS,Startup Intellectual Property Protection Scheme,Central Government,,"Reimbursement , Subsidy",Not specified,Not specified,,,Active,"The scheme is open for applications from April 1, 2023, to March 31, 2026.",Youth,"The Startup Intellectual Property Protection Scheme (SIPPS) reimburses 50% of IP filing fees (up to Rs. 5 lakh) for patents, trademarks, and copyrights, supporting registered startups in protecting their innovations and intellectual property rights.","1. Supporting Intellectual Property Protection for Startups: Recognizing the importance of safeguarding innovative ideas, the Scheme for Intellectual Property Protection for Startups (SIPPS) offers financial reimbursement to startups for the costs associated with filing patents, trademarks, and copyrights.
2. Significant Reimbursement for IP Filing Costs: SIPPS reimburses startups for 50% of their filing fees for patents, trademarks, and copyrights, with a maximum reimbursement limit of Rs. 5 lakh.
3. Targeting Registered Startups Meeting Criteria: The eligibility for this reimbursement is specifically for registered startups that meet certain defined criteria, ensuring the benefit reaches legitimate new ventures.
4. Encouraging Innovation and Brand Protection: The primary benefits of SIPPS are to actively encourage startups to pursue innovation and to provide them with the means to legally protect their valuable intellectual property rights, thereby empowering them to build their brand with confidence and security.","1. Recognized Startups: Entities recognized by the Department for Promotion of Industry and Internal Trade (DPIIT) under the Startup India initiative.
2. Indian Innovators/Creators: Individuals filing IP applications through Technology and Innovation Support Centers (TISCs) in India.
3. Educational Institutes: Indian educational institutions meeting specific criteria outlined in the scheme.
4. Applicants Filing International Patents: Indian applicants filing international patent applications through Receiving Office, India (RO/IN) or International Bureau, WIPO (RO/IB), electing India as International Search Authority (ISA).","Applicants must:
1. Be a DPIIT-recognized startup, Indian innovator/creator, or eligible educational institution.
2. Submit a self-declaration stating they have not availed funds under any other government scheme for paying facilitator fees.
3. Engage an empanelled facilitator for filing and prosecuting their IP applications.","Eligible applicants can engage an empanelled IP facilitator (IP Mitra) to assist in filing patent, trademark, or design applications.",,,https://ipindia.gov.in/SIPP.htm,https://ipindia.gov.in/writereaddata/Portal/News/885_1_approved_SIPP_scheme.pdf,,,"Office of the Controller General of Patents, Designs & Trade Marks (CGPDTM)
Boudhik Sampada Bhawan, S.M. Road, Antop Hill, Mumbai – 400037, India
Phone: +91-22-2413-8150
Email: cgoffice-mh@nic.in
Website: https://ipindia.gov.in",,,https://d287f3ceccc71f65c5997d1c29e7ef00.cdn.bubble.io/f1746538560385x529437331075414140/sipp.png,,,,"May 6, 2025 7:30 pm","Nov 8, 2025 2:49 pm",[],
144.0,1746541029537x911772639988023300,MAPS,Market Access Promotion Scheme,Central Government,,"Grant , Reimbursement",Not specified,Not specified,,,Active,Applications can be submitted throughout the year.,Unreserved,"The Market Access Initiative (MAI) scheme, provides financial assistance to export-oriented companies for participating in international trade fairs and exhibitions. It has supported over 8,000 companies, generating exports worth Rs. 28,000 crore, and helps businesses connect with global buyers.","1. Facilitating Global Market Entry: The Market Access Initiatives (MAPS) program is designed to help businesses realize their international ambitions by providing financial assistance for participation in key global trade events.
2. Opening Doors to International Opportunities: By supporting participation in international trade fairs, exhibitions, and buyer-seller meets, MAPS effectively opens doors for Indian companies to access new markets and explore diverse opportunities for growth.
3. Significant Impact on Export Performance: The program has demonstrated its effectiveness in propelling global ambitions, having benefited over 8,000 companies and contributed to the generation of exports exceeding Rs. 28,000 crore.
4. Financial Assistance for International Market Engagement: MAPS offers crucial financial support specifically for companies to participate in international trade fairs, exhibitions, and buyer-seller meetings, reducing the financial barrier to global market entry.
5. Targeting Export-Oriented Businesses: Eligibility for the program is primarily for export-oriented companies that are registered with the Directorate General of Foreign Trade (DGFT).
6. Connecting Businesses with Global Buyers: A key benefit of MAPS is its ability to connect Indian businesses directly with potential international buyers, thereby significantly increasing their export opportunities and facilitating global partnerships.","Eligible applicants include:
1. Export Promotion Councils (EPCs)
2. Commodity Boards
3. Registered Trade Promotion Organizations
4. Apex Trade Bodies recognized under the Foreign Trade Policy
5. Recognized Industrial Clusters
6. Individual exporters (for specific activities like testing charges and product registration)
7. Start-ups and MSMEs","Applicants must:
1. Have a valid Importer-Exporter Code (IEC) issued by the Directorate General of Foreign Trade (DGFT).
2. Possess a valid Registration-Cum-Membership Certificate (RCMC) from an EPC or relevant trade organization.
3. Not be listed in the Denied Entity List (DEL) maintained by DGFT.
4. Focus on approved markets and activities as specified under the scheme.",Eligible entities can apply by submitting a detailed project proposal through their respective Export Promotion Councils (EPCs) or trade bodies.,,,https://www.commerce.gov.in/international-trade/trade-promotion-programmes-and-schemes/trade-promotion-programme-focus-cis/market-access-initiative-mai-scheme/,"https://commerce.gov.in/wp-content/uploads/2020/03/Revised_MAI_Guidelines_W_E_F_04_08_2014.pdf , https://commerce.gov.in/wp-content/uploads/2021/07/Market-Access-Initiative-MAI-Scheme-2021-dated-19-July-2021.pdf",,,"Department of Commerce
Ministry of Commerce & Industry
Udyog Bhawan, New Delhi – 110011, India
Phone: +91-11-2306-2267
Email: contactus@commerce.gov.in
Website: https://commerce.gov.in",,,https://d287f3ceccc71f65c5997d1c29e7ef00.cdn.bubble.io/f1746539468324x524377884194146000/maps.png,,,,"May 6, 2025 7:47 pm","May 6, 2025 7:48 pm",[],
,1758805161168x832037519284429200,CMEGP,Chief Minister Employment Generation Programme,State Government,Maharashtra,Subsidy,,Seed,MSME,,Active,Applications are accepted year-round through the CMEGP e-portal.,"Women , SC/ST , Backward Class , Minority , Differently Abled , Youth","The Chief Minister Employment Generation Programme (CMEGP) is a state-sponsored credit-linked subsidy scheme aimed at promoting self-employment by supporting new micro and small enterprises in Maharashtra. It provides financial assistance, technical support, and training to young entrepreneurs, with a focus on rural and urban areas.","1. CMEGP targets the establishment of new micro and small enterprises in manufacturing, service, agro-based, and primary agro-processing sectors.
2. The scheme offers financial assistance in the form of term loans and subsidies, with a maximum project cost of ₹50 lakh.
3. Special provisions are made for women, SC/ST, OBC, ex-servicemen, and differently-abled individuals, including higher subsidy rates and relaxed age criteria.
4. The program emphasizes skill development through Entrepreneurship Development Programmes (EDP) and supports entities like SHGs, proprietorships, partnerships, and LLPs.
5. Implementation is carried out through the Directorate of Industries (DOI), District Industries Centers (DICs), and Maharashtra State Khadi and Village Industries Boards (KVIBs).","1. Individuals aged between 18 and 45 years.
2. For special categories (SC/ST/OBC/Women/Ex-servicemen/Differently-abled), the age limit is relaxed by 5 years.
3. Applicants must be residents of Maharashtra or possess a domicile certificate.
4. Only one person per family is eligible for assistance.
5. Eligible entities include proprietorships, partnerships, Self-Help Groups (SHGs), One Person Companies (OPCs), and Limited Liability Partnerships (LLPs).","1. Minimum educational qualification: 7th standard pass for projects costing above ₹10 lakh; 10th standard pass for projects above ₹25 lakh.
2. Only new projects are eligible; existing units or those that have availed benefits under other government schemes are not eligible.
3. The project cost should not include the cost of land; however, ready-built work sheds/workshops are admissible up to 20% of the total project cost.
4. Working capital is limited to 30% of the total project cost.
5. Applicants must provide necessary documents such as Aadhaar card, educational certificates, domicile certificate, and project report.","1. Register on the CMEGP e-portal.
2. Fill in the online application form with personal and project details.
3. Upload required documents (Aadhaar, educational certificates, project report).
4. Submit the application for review by the implementing agency.
5. Upon approval, undergo Entrepreneurship Development Programme (EDP) training.",,,https://maha-cmegp.gov.in/homepage,https://maha-cmegp.gov.in/resources/application-doc/CMEGP_ContactList_New.pdf,,"1. Promotion of new micro and small enterprises in rural and urban areas.
2. Support for manufacturing, service, agro-based, and primary agro-processing sectors.
3. Encouragement of entrepreneurship among women, SC/ST, OBC, ex-servicemen, and differently-abled individuals.
4. Development of infrastructure such as work sheds and workshops.","Head Office Technical Help Line: 022 2202 3912

Email: didic.mumbai@maharashtra.gov.in",didic.mumbai@maharashtra.gov.in,,https://d287f3ceccc71f65c5997d1c29e7ef00.cdn.bubble.io/f1758803903274x717384739645476200/ZYfZOJum_400x400.jpg,,,,"Sep 25, 2025 6:29 pm","Nov 8, 2025 2:59 pm",(App admin),
,1758093778653x634147928438374400,PMEGP,Prime Minister's Employment Generation Programme,Central Government,,,"Upto ₹50,00,000",Seed,MSME,,Active,The PMEGP application does not open and close on specific dates but is available for applications throughout the year on the official KVIC PMEGP portal.,"SC/ST , Women , Differently Abled , Backward Class , Minority , Youth","The PMEGP is a credit-linked subsidy scheme under Ministry of MSME, Government of India, implemented through KVIC, State Khadi & Village Industries Boards (KVIB), and DICs, aimed at generating self-employment opportunities by supporting micro enterprises in the non-farm sector.","1. PMEGP provides financial assistance (subsidised loans) for setting up new micro units in manufacturing, service, and business sectors, both in rural and urban areas. 
2. The scheme offers different subsidy rates depending on whether the applicant belongs to general category or special categories (SC/ST, women etc.), and also the rural or urban location. 
3. It aims to support both small new projects and upgrading/expansion of existing eligible units. 
4. The scheme mandates some minimum qualification (VIII standard pass) for projects above certain cost thresholds in both manufacturing and service sectors. 
5. Support is given for micro-enterprises in non-farm activities, excluding certain prohibited / negative-list activities.","1. Any individual aged 18 years or above. 
2. Through implementing agencies: KVIC, State KVIB / Board, or District Industries Centre (DIC).","1. Must be 18+ years old. 
2. No income ceiling for new project assistance. 
3. For projects costing > ₹10 lakh in manufacturing and > ₹5 lakh in service/business sector, beneficiary must be at least VIII standard pass. 
4. Only new projects sanctioned under PMEGP are eligible (i.e. not existing enterprises except in specific cases of upgradation where allowed). 
5. Only one person per family (self + spouse) can get assistance under PMEGP.","1. Visit PMEGP portal (KVIC online) and register application. 
2. Fill in required forms with project details (cost, sector, operations) via portal. 
3. Submit eligibility documents (age proof, education certificate if needed, bank account, identity etc.). 
4. Application goes through appraisal via DIC/KVIC / KVIB for sanction, checking viability. 
5. After sanction, beneficiary may have to undergo EDP (Entrepreneurship Development Programme) training (online or offline) before final disbursement.",,,https://www.kviconline.gov.in/pmegpeportal/pmegphome/index.jsp,,,"1. Promote self-employment via micro enterprises in manufacturing and services/business sectors. 
2. Facilitate artisan / village industry development, especially through KVIC / KVIB etc. 
3. Encourage projects in rural as well as urban areas, with special subsidy support for certain categories (SC/ST, women, special areas). 
4. Support for upgrading/expansion of existing micro-units under certain conditions.","KVIC Head Office: 3, Gramodaya, Irla Road, Vile Parle (West), Mumbai – 400056 

Email: khadi.kvic@gov.in

Phone: 022-26207624 

Helpdesk Contacts (State Offices): e.g. Delhi SO: 011-23418620, CHANDIGARH UT: 0172-4007564 etc.",khadi.kvic@gov.in,2226207624,https://d287f3ceccc71f65c5997d1c29e7ef00.cdn.bubble.io/f1758093747570x853376512274003600/15828285393.jpg,,,,"Sep 17, 2025 12:52 pm","Nov 8, 2025 2:58 pm",(App admin),
,1757578407534x331932156992018200,TNYIEDP,Tamil Nadu Youth Innovation and Entrepreneurship Development Programme,State Government,Tamil Nadu,Grant,"Upto ₹5,00,00,000",Idea stage to POC,MSME,,Active,,Youth,"The Tamil Nadu Youth Innovation & Entrepreneurship Development Programme (TNYIEDP, also known as “Nimirnthu Nil”) is an initiative by the Government of Tamil Nadu / EDII-TN to promote student entrepreneurship in higher educational institutions. It aims to identify and nurture young innovators, provide training, mentorship, and support to convert ideas into startups.","1. Focuses on students in colleges (engineering, polytechnic, arts & science, agriculture, medical) to foster an entrepreneurial mindset. 
2. Emphasis on innovation, ideation, bootcamps and specialised training (for example in AI, e-commerce, manufacturing) to build skills relevant for startups. 
3. Support includes institutional “hubs” (district hubs) where colleges coordinate, and administration is involved to facilitate idea generation and startup support. 
4. Financial backing for top ideas (cash prizes etc.), resources for idea development, and facilitating linkages (mentors, ecosystem) for early stage students. 
5. A goal to reach a large number of student entrepreneurs over time (e.g. in one instance, targeting 10,000 student entrepreneurs with allocated funds) to scale the entrepreneurial culture.","1. College/university students of higher education institutions in Tamil Nadu.
2. Institutional participation via colleges (engineering, polytechnic, arts & science, agriculture, medical) through their college administrations.","1. Must be a student (in higher education) in one of the participating colleges. 
2. The idea / startup proposal should be at ideation or early venture stage (not specified in detail, but implied since it is for student entrepreneurs).
3. Likely restrictions like first time idea, possibly no existing business scale – but not clearly documented.","1. Colleges (or students) are mobilized to participate under their district hub under EDII-TN. 
2. Students submit idea proposals via their institution or EDII hub.
3. Ideas may go through bootcamps / ideation & innovation training sessions.
4. Top ideas are selected for further support, mentoring, and possible cash prize.
5. Implementation or further incubation for promising ideas aided by EDII or partnering institutions.",,,,,,"1. Student entrepreneurship & ideation in higher education institutions.
2. Specialized training in emerging technologies (AI, e-commerce, manufacturing). 
3. Institutional hubs / bootcamps / mentoring & innovation ecosystem building.
4. Recognition & rewards (cash prizes) for top startup ideas to motivate participation.","Address: Parthasarathy Koil Street, Ekkaduthangal, Chennai-32
Phone: +91-9894688337
Email: dir@editn.in",dir@editn.in,9894688337,https://d287f3ceccc71f65c5997d1c29e7ef00.cdn.bubble.io/f1757573638796x498955966343259900/Screenshot%20%28603%29.png,,,,"Sep 11, 2025 1:43 pm","Nov 8, 2025 2:57 pm",(App admin),
